t_ms,frame_seq,dx_q1000,dy_q1000,sad,conf,ax_mg,ay_mg,az_mg,detail,phase,side_idx
0,258,-43,128,0,255,38.1,-43.9,-955.5,772,MOVE,0
22,259,-62,-147,0,255,41.0,-39.0,-947.7,765,MOVE,0
60,260,-58,37,0,255,40.0,-43.9,-958.4,751,MOVE,0
100,261,-32,-117,0,255,32.2,-49.8,-961.4,753,MOVE,0
124,262,-97,-43,0,255,35.1,-41.0,-949.6,821,MOVE,0
160,263,39,91,0,255,47.8,-44.9,-963.3,763,MOVE,0
200,264,-49,-65,0,255,50.8,-37.1,-957.5,774,MOVE,0
226,265,-64,55,0,255,47.8,-38.1,-959.4,754,MOVE,0
260,266,89,62,0,255,44.9,-28.3,-922.3,819,MOVE,0
289,267,66,161,0,255,37.1,-50.8,-958.4,844,MOVE,0
323,268,-53,-160,0,255,54.7,-30.3,-933.1,791,MOVE,0
360,269,-79,132,0,255,52.7,-42.0,-957.5,709,MOVE,0
400,270,-115,-144,0,255,55.6,-46.8,-963.3,789,MOVE,0
425,271,84,-67,0,255,47.8,-50.8,-965.3,819,MOVE,0
460,272,-107,-123,0,255,62.5,-43.9,-946.7,736,MOVE,0
500,273,136,-103,0,255,57.6,-38.1,-957.5,709,MOVE,0
527,274,-205,137,0,255,23.4,-34.2,-914.5,816,MOVE,0
561,275,187,147,0,255,49.8,-32.2,-937.0,698,MOVE,0
600,276,125,134,0,255,71.2,-32.2,-945.7,756,MOVE,0
624,277,168,150,0,255,87.8,-22.4,-942.8,767,MOVE,0
660,278,-190,235,0,227,75.2,-44.9,-957.5,734,MOVE,0
700,279,-203,343,0,189,95.6,-28.3,-941.8,643,MOVE,0
726,280,128,463,0,188,109.3,-17.6,-932.1,600,MOVE,0
760,281,-307,560,0,200,126.9,-59.5,-939.9,592,MOVE,0
800,282,-308,664,0,239,67.3,-41.0,-943.8,590,MOVE,0
828,283,-122,748,0,255,43.9,-45.9,-966.2,599,MOVE,0
862,284,-233,481,0,166,25.4,-38.1,-937.0,686,MOVE,0
900,285,-295,320,0,224,26.4,-27.3,-941.8,719,MOVE,0
925,286,-183,345,0,233,18.5,-46.8,-974.0,646,MOVE,0
960,287,297,413,0,201,27.3,-40.0,-945.7,667,MOVE,0
1000,288,195,362,0,237,43.9,-42.0,-954.5,719,MOVE,0
1027,289,-209,305,0,255,57.6,-41.0,-964.3,744,MOVE,0
1061,290,260,354,0,255,57.6,-37.1,-947.7,666,MOVE,0
1100,291,-166,334,0,255,70.3,-33.2,-946.7,698,MOVE,0
1129,292,153,409,0,240,62.5,-20.5,-929.2,688,MOVE,0
1163,293,-177,532,0,236,53.7,-29.3,-960.4,713,MOVE,0
1200,294,169,548,0,242,42.9,-33.2,-961.4,653,MOVE,0
1226,295,-182,545,0,245,54.7,-29.3,-970.1,676,MOVE,0
1260,296,118,478,0,225,50.8,-22.4,-972.1,699,MOVE,0
1300,297,-172,543,0,240,56.6,-26.4,-953.6,647,MOVE,0
1328,298,-206,512,0,229,51.7,-18.5,-938.9,639,MOVE,0
1362,299,-234,504,0,200,61.5,-27.3,-945.7,660,MOVE,0
1400,300,176,356,0,255,51.7,-40.0,-978.9,726,MOVE,0
1440,301,161,369,0,253,56.6,-39.0,-952.6,742,MOVE,0
1464,302,224,361,0,241,49.8,-28.3,-953.6,760,MOVE,0
1500,303,164,258,0,255,76.1,-24.4,-930.1,743,MOVE,0
1527,304,276,300,0,255,59.5,-42.9,-962.3,685,MOVE,0
1561,305,-363,503,0,186,65.4,-35.1,-941.8,737,MOVE,0
1600,306,209,385,0,224,42.0,-39.0,-978.9,749,MOVE,0
1629,307,208,434,0,208,78.1,-37.1,-959.4,644,MOVE,0
1663,308,-321,513,0,188,51.7,-40.0,-947.7,625,MOVE,0
1700,309,-193,369,0,255,60.5,-56.6,-972.1,642,MOVE,0
1740,310,-198,336,0,255,69.3,-33.2,-947.7,673,MOVE,0
1765,311,229,218,0,255,50.8,-36.1,-973.1,664,MOVE,0
1800,312,-203,303,0,255,42.0,-39.0,-957.5,633,MOVE,0
1828,313,229,223,0,255,60.5,-36.1,-934.0,623,MOVE,0
1862,314,170,246,0,255,39.0,-56.6,-960.4,634,MOVE,0
1900,315,-189,365,0,255,77.1,-36.1,-929.2,733,MOVE,0
1940,316,167,185,0,255,47.8,-20.5,-959.4,701,MOVE,0
1964,317,-204,406,0,250,66.4,-46.8,-940.9,666,MOVE,0
2000,318,210,378,0,255,42.9,-33.2,-962.3,665,MOVE,0
2040,319,-136,426,0,246,41.0,-56.6,-949.6,708,MOVE,0
2066,320,-144,317,0,255,64.4,-32.2,-925.2,725,MOVE,0
2100,321,144,254,0,255,81.0,-33.2,-953.6,698,MOVE,0
2129,322,-140,273,0,255,43.9,-42.0,-961.4,617,MOVE,0
2163,323,-305,377,0,250,74.2,-34.2,-952.6,629,MOVE,0
2200,324,127,367,0,255,62.5,-57.6,-979.9,624,MOVE,0
2240,325,-374,426,0,234,41.0,-52.7,-944.8,656,MOVE,0
2265,326,152,263,0,255,63.4,-57.6,-959.4,589,MOVE,0
2300,327,-519,404,0,190,71.2,-24.4,-924.3,589,MOVE,0
2340,328,-182,232,0,255,61.5,-55.6,-936.0,654,MOVE,0
2367,329,-267,136,0,255,71.2,-25.4,-951.6,653,MOVE,0
2400,330,-287,242,0,255,57.6,-43.9,-966.2,631,MOVE,0
2440,331,-210,253,0,255,53.7,-32.2,-956.5,598,MOVE,0
2464,332,-366,293,0,255,59.5,-30.3,-941.8,636,MOVE,0
2500,333,88,103,0,255,53.7,-28.3,-940.9,670,HOLD,0
2540,334,-132,93,0,255,50.8,-33.2,-946.7,752,HOLD,0
2566,335,-76,124,0,255,52.7,-51.7,-996.5,724,HOLD,0
2600,336,-77,258,0,255,67.3,-42.0,-967.2,691,HOLD,0
2640,337,317,174,0,255,41.0,-42.0,-961.4,722,HOLD,0
2668,338,121,109,0,255,29.3,-41.0,-968.2,774,HOLD,0
2700,339,184,92,0,255,17.6,-24.4,-924.3,780,HOLD,0
2740,340,274,222,0,255,61.5,-71.2,-963.3,620,HOLD,0
2765,341,-439,485,0,162,19.5,-45.9,-941.8,626,HOLD,0
2800,342,346,178,0,255,42.0,-55.6,-930.1,629,HOLD,0
2840,343,198,39,0,255,30.3,-36.1,-934.0,659,HOLD,0
2867,344,-113,128,0,255,46.8,-33.2,-943.8,791,HOLD,0
2901,345,115,46,0,255,61.5,-59.5,-959.4,784,HOLD,0
2940,346,-61,71,0,255,57.6,-48.8,-951.6,808,HOLD,0
2969,347,45,73,0,255,57.6,-48.8,-952.6,805,HOLD,0
3000,348,-19,58,0,255,64.4,-30.3,-935.0,794,HOLD,0
3040,349,0,0,0,255,57.6,-56.6,-952.6,785,HOLD,0
3066,350,-38,-67,0,255,40.0,-59.5,-941.8,722,HOLD,0
3100,351,86,111,0,255,53.7,-38.1,-937.0,749,HOLD,0
3140,352,166,72,0,255,91.7,-30.3,-951.6,735,HOLD,0
3168,353,83,53,0,255,67.3,-45.9,-954.5,683,HOLD,0
3202,354,-289,258,0,255,42.9,-42.9,-938.9,587,HOLD,0
3240,355,377,122,0,255,73.2,-33.2,-935.0,588,HOLD,0
3280,356,391,68,0,255,66.4,-30.3,-933.1,664,HOLD,0
3300,357,92,27,0,255,54.7,-43.9,-931.1,709,HOLD,0
3340,358,72,43,0,255,55.6,-32.2,-957.5,761,HOLD,0
3367,359,0,0,0,255,57.6,-39.0,-978.9,799,HOLD,0
3401,360,-32,83,0,255,32.2,-70.3,-977.0,785,HOLD,0
3440,361,0,0,0,255,77.1,-28.3,-924.3,740,HOLD,0
3469,362,54,-36,0,255,78.1,-28.3,-940.9,747,HOLD,0
3503,363,-69,-40,0,255,52.7,-48.8,-946.7,802,HOLD,0
3540,364,0,0,0,255,45.9,-58.6,-952.6,762,HOLD,0
3580,365,-104,59,0,255,56.6,-46.8,-959.4,777,HOLD,0
3600,366,0,0,0,255,73.2,-40.0,-951.6,810,HOLD,0
3640,367,0,0,0,255,55.6,-45.9,-956.5,794,HOLD,0
3668,368,0,0,0,255,64.4,-50.8,-944.8,779,HOLD,0
3702,369,164,-79,0,255,68.3,-55.6,-958.4,701,HOLD,0
3740,370,-96,108,0,255,66.4,-42.0,-961.4,732,HOLD,0
3780,371,119,-59,0,255,55.6,-51.7,-960.4,753,HOLD,0
3804,372,133,-18,0,255,44.9,-43.9,-930.1,798,HOLD,0
3840,373,125,27,0,255,50.8,-40.0,-962.3,760,HOLD,0
3880,374,0,0,0,255,61.5,-54.7,-960.4,774,HOLD,0
3901,375,84,25,0,255,53.7,-45.9,-956.5,743,HOLD,0
3940,376,0,0,0,255,82.0,-46.8,-951.6,717,HOLD,0
3969,377,-51,-8,0,255,70.3,-65.4,-972.1,721,HOLD,0
4003,378,-84,18,0,255,66.4,-35.1,-934.0,696,MOVE,1
4043,379,153,-47,0,255,63.4,-42.9,-955.5,746,MOVE,1
4071,380,0,0,0,255,49.8,-43.9,-941.8,776,MOVE,1
4105,381,87,-18,0,255,75.2,-40.0,-953.6,725,MOVE,1
4143,382,0,0,0,255,62.5,-48.8,-970.1,698,MOVE,1
4183,383,-105,60,0,255,49.8,-58.6,-951.6,687,MOVE,1
4203,384,108,-55,0,255,67.3,-59.5,-946.7,693,MOVE,1
4243,385,115,-67,0,255,48.8,-68.3,-945.7,696,MOVE,1
4270,386,58,-20,0,255,67.3,-54.7,-942.8,703,MOVE,1
4304,387,151,-87,0,255,67.3,-69.3,-944.8,658,MOVE,1
4343,388,122,7,0,255,50.8,-67.3,-960.4,650,MOVE,1
4372,389,281,-36,0,255,57.6,-56.6,-944.8,633,MOVE,1
4406,390,524,106,0,255,42.0,-78.1,-977.0,713,MOVE,1
4443,391,275,-77,0,255,50.8,-67.3,-942.8,696,MOVE,1
4483,392,581,152,0,255,54.7,-65.4,-945.7,641,MOVE,1
4503,393,449,-190,0,255,57.6,-66.4,-956.5,625,MOVE,1
4543,394,653,108,0,255,71.2,-56.6,-953.6,640,MOVE,1
4571,395,524,146,0,235,88.8,-53.7,-948.7,608,MOVE,1
4605,396,686,21,0,255,101.5,-37.1,-922.3,617,MOVE,1
4643,397,611,103,0,255,81.0,-39.0,-930.1,605,MOVE,1
4683,398,495,-280,0,232,78.1,-58.6,-930.1,618,MOVE,1
4707,399,455,-95,0,255,62.5,-65.4,-977.0,617,MOVE,1
4743,400,301,-65,0,255,83.0,-63.4,-941.8,584,MOVE,1
4783,401,558,42,0,255,56.6,-79.1,-965.3,607,MOVE,1
4809,402,417,-140,0,255,77.1,-54.7,-935.0,609,MOVE,1
4843,403,346,-26,0,255,73.2,-53.7,-938.9,572,MOVE,1
4872,404,184,-25,0,255,55.6,-64.4,-909.6,534,MOVE,1
4906,405,490,125,0,192,62.5,-55.6,-935.0,495,MOVE,1
4943,406,467,243,0,203,52.7,-54.7,-935.0,530,MOVE,1
4983,407,408,-56,0,255,53.7,-71.2,-959.4,541,MOVE,1
5008,408,278,44,0,255,71.2,-53.7,-949.6,555,MOVE,1
5043,409,397,-2,0,255,69.3,-61.5,-962.3,540,MOVE,1
5083,410,356,-93,0,255,54.7,-52.7,-954.5,550,MOVE,1
5110,411,486,-114,0,255,51.7,-55.6,-956.5,543,MOVE,1
5143,412,387,-100,0,255,54.7,-58.6,-955.5,544,MOVE,1
5183,413,535,169,0,255,58.6,-53.7,-954.5,539,MOVE,1
5207,414,324,-92,0,255,42.0,-57.6,-943.8,542,MOVE,1
5243,415,302,-13,0,255,65.4,-53.7,-944.8,551,MOVE,1
5283,416,271,-68,0,255,56.6,-58.6,-952.6,526,MOVE,1
5309,417,421,-112,0,255,72.2,-46.8,-928.2,493,MOVE,1
5343,418,477,-82,0,253,55.6,-47.8,-961.4,496,MOVE,1
5383,419,310,-70,0,255,63.4,-52.7,-929.2,496,MOVE,1
5411,420,452,-101,0,255,70.3,-50.8,-955.5,496,MOVE,1
5443,421,354,48,0,255,64.4,-46.8,-953.6,490,MOVE,1
5483,422,548,37,0,255,77.1,-50.8,-956.5,502,MOVE,1
5508,423,447,-103,0,255,75.2,-50.8,-919.4,496,MOVE,1
5543,424,507,-80,0,236,47.8,-68.3,-959.4,494,MOVE,1
5583,425,367,-110,0,255,72.2,-61.5,-935.0,479,MOVE,1
5610,426,610,-70,0,255,65.4,-39.0,-930.1,470,MOVE,1
5644,427,472,-166,0,209,62.5,-39.0,-923.3,480,MOVE,1
5683,428,449,-136,0,234,62.5,-36.1,-931.1,490,MOVE,1
5712,429,595,128,0,255,47.8,-56.6,-948.7,494,MOVE,1
5743,430,589,39,0,255,45.9,-56.6,-950.6,483,MOVE,1
5783,431,546,141,0,237,55.6,-62.5,-951.6,463,MOVE,1
5809,432,484,159,0,225,44.9,-47.8,-944.8,458,MOVE,1
5843,433,407,68,0,251,56.6,-46.8,-947.7,457,MOVE,1
5883,434,326,-93,0,255,56.6,-50.8,-941.8,453,MOVE,1
5911,435,304,170,0,255,58.6,-69.3,-957.5,460,MOVE,1
5945,436,186,132,0,255,60.5,-53.7,-965.3,467,MOVE,1
5983,437,226,141,0,255,72.2,-42.0,-926.2,457,MOVE,1
6023,438,393,-140,0,239,78.1,-44.9,-964.3,445,MOVE,1
6043,439,242,124,0,255,80.0,-41.0,-953.6,453,MOVE,1
6083,440,303,161,0,255,85.9,-53.7,-973.1,448,MOVE,1
6110,441,325,167,0,255,67.3,-46.8,-936.0,454,MOVE,1
6144,442,317,208,0,229,43.9,-32.2,-943.8,452,MOVE,1
6183,443,219,-83,0,255,51.7,-63.4,-966.2,451,MOVE,1
6212,444,258,213,0,253,54.7,-55.6,-973.1,448,MOVE,1
6246,445,267,153,0,255,49.8,-35.1,-968.2,444,MOVE,1
6283,446,320,-111,0,239,64.4,-42.9,-973.1,435,MOVE,1
6323,447,281,-165,0,255,55.6,-47.8,-960.4,438,MOVE,1
6343,448,243,131,0,255,58.6,-41.0,-966.2,439,MOVE,1
6383,449,267,-233,0,239,31.2,-87.8,-1009.2,438,MOVE,1
6411,450,253,-200,0,253,53.7,-46.8,-960.4,431,MOVE,1
6445,451,346,-207,0,184,70.3,-43.9,-935.0,403,MOVE,1
6483,452,351,-275,0,179,58.6,-49.8,-939.9,418,MOVE,1
6523,453,369,226,0,187,67.3,-42.9,-945.7,411,HOLD,1
6547,454,436,-149,0,170,52.7,-59.5,-948.7,409,HOLD,1
6583,455,0,0,0,146,50.8,-38.1,-925.2,411,HOLD,1
6623,456,327,-189,0,194,68.3,-42.9,-959.4,413,HOLD,1
6644,457,337,-188,0,189,47.8,-47.8,-950.6,409,HOLD,1
6683,458,0,0,0,146,60.5,-42.0,-946.7,399,HOLD,1
6712,459,384,233,0,155,71.2,-39.0,-955.5,389,HOLD,1
6746,460,0,0,0,146,58.6,-37.1,-962.3,383,HOLD,1
6783,461,0,0,0,138,57.6,-42.0,-951.6,389,HOLD,1
6823,462,362,-245,0,154,41.0,-45.9,-948.7,388,HOLD,1
6848,463,311,-268,0,158,47.8,-26.4,-937.9,384,HOLD,1
6883,464,288,-283,0,150,57.6,-53.7,-954.5,395,HOLD,1
6923,465,0,0,0,142,77.1,-42.9,-954.5,379,HOLD,1
6945,466,0,0,0,137,56.6,-57.6,-958.4,371,HOLD,1
6983,467,0,0,0,147,74.2,-39.0,-941.8,377,HOLD,1
7023,468,247,-278,0,154,47.8,-43.9,-927.2,376,HOLD,1
7047,469,0,0,0,148,52.7,-49.8,-937.0,382,HOLD,1
7083,470,-251,-256,0,151,54.7,-47.8,-946.7,382,HOLD,1
7123,471,-200,270,0,174,66.4,-65.4,-964.3,379,HOLD,1
7149,472,-200,-273,0,179,43.9,-61.5,-963.3,388,HOLD,1
7183,473,-249,289,0,180,50.8,-68.3,-957.5,392,HOLD,1
7223,474,184,-272,0,181,67.3,-48.8,-942.8,390,HOLD,1
7246,475,-191,-278,0,185,59.5,-52.7,-948.7,392,HOLD,1
7283,476,-215,-264,0,186,57.6,-56.6,-955.5,395,HOLD,1
7323,477,-229,-261,0,184,51.7,-65.4,-939.9,389,HOLD,1
7348,478,-231,264,0,183,48.8,-53.7,-950.6,394,HOLD,1
7383,479,190,-235,0,188,61.5,-53.7,-940.9,397,HOLD,1
7423,480,-171,258,0,195,60.5,-54.7,-944.8,396,HOLD,1
7450,481,213,-282,0,194,52.7,-50.8,-953.6,390,HOLD,1
7484,482,-192,255,0,193,58.6,-55.6,-951.6,394,HOLD,1
7523,483,-192,-277,0,182,59.5,-53.7,-961.4,394,HOLD,1
7547,484,-210,248,0,190,50.8,-64.4,-968.2,398,HOLD,1
7583,485,-150,-205,0,206,54.7,-43.9,-938.9,404,HOLD,1
7623,486,182,241,0,194,51.7,-46.8,-943.8,399,HOLD,1
7649,487,209,-271,0,196,49.8,-56.6,-958.4,390,HOLD,1
7683,488,-190,-274,0,198,46.8,-53.7,-942.8,397,HOLD,1
7723,489,212,257,0,179,52.7,-44.9,-936.0,392,HOLD,1
7751,490,208,273,0,173,49.8,-51.7,-946.7,392,HOLD,1
7785,491,-196,-256,0,196,60.5,-55.6,-956.5,402,HOLD,1
7823,492,233,-242,0,188,62.5,-58.6,-967.2,398,HOLD,1
7848,493,-138,-244,0,219,58.6,-52.7,-941.8,395,HOLD,1
7883,494,212,238,0,201,55.6,-41.0,-940.9,404,HOLD,1
7923,495,-182,-263,0,198,42.0,-60.5,-965.3,394,HOLD,1
7950,496,145,-204,0,217,49.8,-47.8,-950.6,396,HOLD,1
7984,497,-169,212,0,206,66.4,-48.8,-955.5,406,HOLD,1
8023,498,156,-220,0,212,50.8,-60.5,-945.7,398,MOVE,2
8052,499,-158,198,0,219,57.6,-47.8,-940.9,393,MOVE,2
8086,500,-145,-209,0,222,53.7,-60.5,-958.4,401,MOVE,2
8123,501,167,-221,0,208,59.5,-50.8,-940.9,399,MOVE,2
8149,502,-166,239,0,207,53.7,-48.8,-934.0,400,MOVE,2
8183,503,172,224,0,210,53.7,-65.4,-959.4,391,MOVE,2
8223,504,179,212,0,208,43.9,-54.7,-937.9,396,MOVE,2
8251,505,228,246,0,193,38.1,-42.0,-924.3,393,MOVE,2
8285,506,255,316,0,174,44.9,-54.7,-942.8,391,MOVE,2
8323,507,170,-247,0,213,48.8,-66.4,-960.4,388,MOVE,2
8363,508,168,289,0,184,50.8,-63.4,-963.3,387,MOVE,2
8387,509,109,-340,0,172,55.6,-67.3,-966.2,386,MOVE,2
8423,510,172,-311,0,176,46.8,-54.7,-947.7,384,MOVE,2
8450,511,213,-258,0,163,50.8,-55.6,-936.0,372,MOVE,2
8484,512,236,-281,0,158,38.1,-61.5,-958.4,374,MOVE,2
8523,513,0,0,0,135,44.9,-63.4,-948.7,374,MOVE,2
8552,514,0,0,0,140,35.1,-53.7,-959.4,368,MOVE,2
8586,515,0,0,0,137,52.7,-45.9,-962.3,369,MOVE,2
8623,516,0,0,0,132,52.7,-71.2,-981.9,361,MOVE,2
8663,517,0,0,0,107,46.8,-48.8,-941.8,352,MOVE,2
8688,518,0,0,0,94,50.8,-51.7,-910.6,346,MOVE,2
8723,519,0,0,0,92,49.8,-44.9,-934.0,349,MOVE,2
8751,520,0,0,0,107,39.0,-55.6,-949.6,340,MOVE,2
8785,521,0,0,0,101,46.8,-42.9,-954.5,335,MOVE,2
8823,522,0,0,0,100,33.2,-53.7,-977.0,340,MOVE,2
8863,523,0,0,0,98,36.1,-42.9,-959.4,344,MOVE,2
8887,524,0,0,0,108,29.3,-42.0,-959.4,341,MOVE,2
8923,525,0,0,0,109,41.0,-30.3,-958.4,348,MOVE,2
8963,526,0,0,0,124,20.5,-46.8,-948.7,334,MOVE,2
8989,527,0,0,0,125,29.3,-40.0,-957.5,334,MOVE,2
9023,528,0,0,0,147,51.7,-32.2,-950.6,343,MOVE,2
9052,529,197,-337,0,150,42.0,-52.7,-954.5,353,MOVE,2
9086,530,194,-342,0,154,55.6,-49.8,-951.6,349,MOVE,2
9123,531,249,-253,0,155,68.3,-47.8,-938.9,347,MOVE,2
9163,532,0,0,0,139,48.8,-50.8,-941.8,347,MOVE,2
9188,533,0,0,0,129,64.4,-41.0,-942.8,345,MOVE,2
9223,534,0,0,0,144,42.9,-51.7,-956.5,354,MOVE,2
9263,535,0,0,0,144,46.8,-45.9,-949.6,350,MOVE,2
9290,536,0,0,0,139,51.7,-55.6,-986.7,358,MOVE,2
9324,537,0,0,0,108,55.6,-26.4,-940.9,353,MOVE,2
9363,538,0,0,0,123,23.4,-42.9,-956.5,357,MOVE,2
9387,539,0,0,0,146,26.4,-44.9,-959.4,359,MOVE,2
9423,540,0,0,0,141,18.5,-45.9,-945.7,365,MOVE,2
9463,541,225,-430,0,157,16.6,-54.7,-965.3,367,MOVE,2
9489,542,230,-309,0,188,48.8,-57.6,-943.8,362,MOVE,2
9523,543,235,-385,0,188,39.0,-35.1,-954.5,369,MOVE,2
9563,544,267,-465,0,150,46.8,-26.4,-935.0,367,MOVE,2
9591,545,321,-417,0,155,41.0,-50.8,-962.3,357,MOVE,2
9625,546,0,0,0,133,42.0,-36.1,-953.6,358,MOVE,2
9663,547,0,0,0,134,35.1,-58.6,-961.4,353,MOVE,2
9688,548,350,-419,0,155,31.2,-69.3,-947.7,363,MOVE,2
9723,549,350,-446,0,164,35.1,-64.4,-968.2,366,MOVE,2
9763,550,196,-374,0,187,61.5,-42.9,-928.2,373,MOVE,2
9790,551,0,0,0,147,76.1,-40.0,-939.9,374,MOVE,2
9824,552,269,-419,0,171,80.0,-26.4,-925.2,380,MOVE,2
9863,553,328,-366,0,181,42.0,-46.8,-955.5,395,MOVE,2
9892,554,187,-232,0,230,56.6,-52.7,-949.6,377,MOVE,2
9926,555,305,-332,0,190,19.5,-83.0,-978.9,374,MOVE,2
9963,556,276,-306,0,220,52.7,-48.8,-955.5,378,MOVE,2
9989,557,354,-414,0,170,40.0,-53.7,-967.2,386,MOVE,2
10023,558,199,-344,0,211,54.7,-38.1,-934.0,375,MOVE,2
10063,559,299,-353,0,187,36.1,-48.8,-948.7,392,MOVE,2
10091,560,181,-257,0,232,32.2,-58.6,-955.5,386,MOVE,2
10125,561,188,-296,0,225,35.1,-61.5,-944.8,381,MOVE,2
10163,562,209,-248,0,240,55.6,-57.6,-951.6,391,MOVE,2
10203,563,210,-261,0,233,53.7,-42.0,-925.2,389,MOVE,2
10227,564,256,-416,0,167,62.5,-47.8,-930.1,382,MOVE,2
10263,565,227,-235,0,234,46.8,-78.1,-979.9,383,MOVE,2
10290,566,-184,-181,0,253,76.1,-63.4,-956.5,383,MOVE,2
10324,567,298,-340,0,178,49.8,-56.6,-950.6,386,MOVE,2
10363,568,118,-255,0,241,50.8,-58.6,-961.4,388,MOVE,2
10392,569,-133,-245,0,255,52.7,-51.7,-940.9,384,MOVE,2
10426,570,156,-463,0,179,40.0,-62.5,-944.8,384,MOVE,2
10463,571,-148,-231,0,231,63.4,-41.0,-937.9,380,MOVE,2
10503,572,183,-363,0,206,46.8,-57.6,-953.6,383,HOLD,2
10528,573,112,-202,0,252,50.8,-63.4,-967.2,384,HOLD,2
10563,574,177,-189,0,255,54.7,-48.8,-937.0,387,HOLD,2
10591,575,227,-255,0,229,33.2,-49.8,-947.7,380,HOLD,2
10625,576,-192,-201,0,211,56.6,-58.6,-961.4,380,HOLD,2
10663,577,135,-222,0,253,62.5,-58.6,-955.5,372,HOLD,2
10703,578,155,-250,0,240,71.2,-52.7,-950.6,383,HOLD,2
10727,579,156,-150,0,244,83.9,-55.6,-946.7,377,HOLD,2
10763,580,215,-146,0,255,69.3,-55.6,-976.0,379,HOLD,2
10803,581,254,122,0,227,73.2,-51.7,-946.7,379,HOLD,2
10829,582,149,-162,0,255,82.0,-51.7,-955.5,380,HOLD,2
10863,583,163,-158,0,255,67.3,-59.5,-952.6,376,HOLD,2
10892,584,-149,-155,0,255,68.3,-49.8,-937.9,379,HOLD,2
10926,585,138,-163,0,255,62.5,-54.7,-948.7,374,HOLD,2
10963,586,155,-102,0,255,60.5,-50.8,-932.1,370,HOLD,2
11003,587,-118,-124,0,255,65.4,-36.1,-944.8,384,HOLD,2
11028,588,-162,122,0,255,61.5,-57.6,-948.7,376,HOLD,2
11063,589,-164,127,0,255,56.6,-69.3,-954.5,368,HOLD,2
11103,590,-193,-125,0,255,74.2,-60.5,-952.6,388,HOLD,2
11130,591,-115,114,0,255,68.3,-72.2,-957.5,381,HOLD,2
11163,592,-124,-99,0,255,77.1,-38.1,-940.9,387,HOLD,2
11203,593,-127,97,0,255,50.8,-60.5,-955.5,381,HOLD,2
11227,594,-179,136,0,255,43.9,-56.6,-949.6,387,HOLD,2
11263,595,144,94,0,255,52.7,-50.8,-951.6,386,HOLD,2
11303,596,-117,94,0,255,58.6,-46.8,-956.5,386,HOLD,2
11329,597,-130,97,0,255,73.2,-55.6,-956.5,379,HOLD,2
11363,598,-160,83,0,255,62.5,-59.5,-953.6,376,HOLD,2
11403,599,144,73,0,255,69.3,-60.5,-947.7,375,HOLD,2
11431,600,-158,120,0,255,55.6,-55.6,-958.4,377,HOLD,2
11463,601,-166,95,0,255,67.3,-47.8,-938.9,373,HOLD,2
11503,602,210,103,0,255,66.4,-67.3,-978.0,383,HOLD,2
11528,603,-191,147,0,255,59.5,-38.1,-956.5,372,HOLD,2
11563,604,-172,-154,0,255,52.7,-48.8,-928.2,381,HOLD,2
11603,605,139,103,0,255,56.6,-50.8,-946.7,388,HOLD,2
11630,606,-165,-107,0,255,51.7,-53.7,-954.5,375,HOLD,2
11664,607,-130,119,0,255,74.2,-56.6,-961.4,376,HOLD,2
11703,608,144,125,0,255,58.6,-42.0,-947.7,377,HOLD,2
11732,609,-145,-107,0,255,54.7,-60.5,-936.0,377,HOLD,2
11763,610,125,-88,0,255,54.7,-49.8,-944.8,379,HOLD,2
11803,611,-190,115,0,255,62.5,-50.8,-950.6,376,HOLD,2
11829,612,-189,145,0,255,76.1,-50.8,-953.6,379,HOLD,2
11863,613,-136,112,0,255,52.7,-48.8,-945.7,372,HOLD,2
11903,614,-145,-104,0,255,65.4,-50.8,-952.6,382,HOLD,2
11931,615,167,153,0,255,61.5,-61.5,-958.4,383,HOLD,2
11965,616,-179,179,0,255,67.3,-47.8,-955.5,387,HOLD,2
12003,617,-152,-179,0,255,72.2,-37.1,-934.0,380,MOVE,3
12043,618,149,149,0,255,58.6,-59.5,-957.5,382,MOVE,3
12063,619,-241,202,0,244,64.4,-56.6,-955.5,382,MOVE,3
12103,620,-178,-122,0,255,71.2,-40.0,-943.8,377,MOVE,3
12130,621,-181,-123,0,255,65.4,-42.9,-943.8,382,MOVE,3
12164,622,-187,-120,0,255,52.7,-39.0,-933.1,390,MOVE,3
12203,623,-216,103,0,255,52.7,-39.0,-951.6,387,MOVE,3
12232,624,-407,235,0,196,63.4,-35.1,-958.4,383,MOVE,3
12266,625,-375,220,0,192,82.0,-7.8,-937.0,385,MOVE,3
12303,626,-279,166,0,254,66.4,-42.9,-981.9,380,MOVE,3
12343,627,-675,120,0,206,67.3,-30.3,-945.7,382,MOVE,3
12363,628,-412,66,0,199,49.8,-27.3,-962.3,385,MOVE,3
12403,629,-639,12,0,214,76.1,-8.8,-955.5,375,MOVE,3
12431,630,-465,179,0,201,78.1,-18.5,-949.6,391,MOVE,3
12465,631,-615,180,0,223,78.1,-8.8,-955.5,392,MOVE,3
12503,632,-667,-196,0,235,61.5,-14.6,-937.9,388,MOVE,3
12543,633,-630,-121,0,229,86.9,-20.5,-985.8,395,MOVE,3
12567,634,-575,-106,0,166,81.0,-40.0,-1005.3,411,MOVE,3
12603,635,-1259,400,0,167,96.6,-14.6,-954.5,416,MOVE,3
12643,636,-315,-132,0,222,62.5,-13.7,-945.7,432,MOVE,3
12664,637,-561,-198,0,185,52.7,-4.9,-916.5,426,MOVE,3
12703,638,-462,187,0,178,72.2,10.7,-930.1,438,MOVE,3
12732,639,-511,-257,0,177,54.7,-20.5,-970.1,443,MOVE,3
12766,640,-655,-197,0,200,88.8,1.0,-947.7,441,MOVE,3
12803,641,0,0,0,128,84.9,5.9,-954.5,469,MOVE,3
12843,642,-547,-277,0,154,45.9,-14.6,-965.3,469,MOVE,3
12868,643,-619,-180,0,193,55.6,-2.9,-946.7,455,MOVE,3
12903,644,-628,-167,0,183,94.7,-1.0,-970.1,453,MOVE,3
12943,645,-622,-228,0,209,61.5,-12.7,-957.5,494,MOVE,3
12965,646,-622,187,0,217,57.6,-6.8,-952.6,544,MOVE,3
13003,647,-572,173,0,206,66.4,11.7,-951.6,552,MOVE,3
13043,648,-517,264,0,179,55.6,-8.8,-965.3,593,MOVE,3
13067,649,-552,-108,0,196,46.8,2.9,-944.8,520,MOVE,3
13103,650,-575,-214,0,201,49.8,8.8,-960.4,560,MOVE,3
13143,651,-537,-246,0,176,58.6,20.5,-936.0,574,MOVE,3
13169,652,-540,-270,0,167,47.8,25.4,-962.3,515,MOVE,3
13203,653,-563,-290,0,151,60.5,-1.0,-990.6,570,MOVE,3
13243,654,0,0,0,143,95.6,28.3,-939.9,574,MOVE,3
13266,655,0,0,0,144,66.4,2.0,-956.5,536,MOVE,3
13303,656,-612,-220,0,185,80.0,10.7,-966.2,520,MOVE,3
13343,657,-709,-102,0,244,68.3,30.3,-934.0,514,MOVE,3
13368,658,-587,110,0,209,71.2,32.2,-954.5,497,MOVE,3
13403,659,-469,-208,0,192,85.9,42.9,-953.6,574,MOVE,3
13443,660,-335,-157,0,255,87.8,27.3,-944.8,558,MOVE,3
13470,661,-399,-162,0,211,85.9,38.1,-947.7,626,MOVE,3
13504,662,-307,-111,0,205,88.8,39.0,-951.6,679,MOVE,3
13543,663,-330,-147,0,207,102.5,38.1,-945.7,671,MOVE,3
13572,664,-364,-156,0,204,82.0,31.2,-971.1,801,MOVE,3
13603,665,-350,-215,0,206,97.6,39.0,-944.8,727,MOVE,3
13643,666,-379,-134,0,192,88.8,41.0,-929.2,642,MOVE,3
13669,667,-397,-205,0,183,84.9,42.0,-943.8,789,MOVE,3
13703,668,0,0,0,129,76.1,32.2,-951.6,837,MOVE,3
13743,669,0,0,0,135,98.6,23.4,-930.1,810,MOVE,3
13771,670,-282,-197,0,226,94.7,40.0,-961.4,672,MOVE,3
13805,671,-488,-304,0,163,82.0,32.2,-938.9,679,MOVE,3
13843,672,-306,-286,0,225,106.4,41.0,-941.8,698,MOVE,3
13883,673,-411,-329,0,187,104.4,27.3,-946.7,673,MOVE,3
13903,674,-376,-273,0,200,100.5,16.6,-972.1,683,MOVE,3
13943,675,-404,-367,0,180,98.6,24.4,-934.0,784,MOVE,3
13970,676,-225,-281,0,227,100.5,28.3,-930.1,835,MOVE,3
14004,677,-233,-378,0,184,111.3,18.5,-953.6,988,MOVE,3
14043,678,0,0,0,136,117.1,17.6,-955.5,850,MOVE,3
14072,679,-259,-277,0,200,118.1,14.6,-947.7,935,MOVE,3
14106,680,0,0,0,148,119.1,24.4,-939.9,750,MOVE,3
14143,681,-315,-298,0,191,106.4,5.9,-952.6,746,MOVE,3
14183,682,-403,-339,0,169,119.1,17.6,-932.1,765,MOVE,3
14203,683,-262,-277,0,203,118.1,5.9,-949.6,795,MOVE,3
14243,684,-375,-407,0,166,95.6,12.7,-938.9,909,MOVE,3
14271,685,-350,-356,0,156,119.1,4.9,-942.8,880,MOVE,3
14305,686,0,0,0,135,117.1,9.8,-954.5,958,MOVE,3
14343,687,0,0,0,141,120.0,-9.8,-973.1,951,MOVE,3
14383,688,0,0,0,146,120.0,1.0,-934.0,817,MOVE,3
14407,689,-170,-114,0,255,127.9,-14.6,-973.1,972,MOVE,3
14443,690,0,0,0,149,135.7,6.8,-936.0,959,MOVE,3
14483,691,86,-101,0,255,122.0,9.8,-935.0,954,MOVE,3
14504,692,-120,-263,0,255,119.1,6.8,-932.1,1093,HOLD,3
14544,693,114,-251,0,255,118.1,-11.7,-954.5,1136,HOLD,3
14572,694,-155,-278,0,228,120.0,4.9,-944.8,1126,HOLD,3
14606,695,66,-26,0,255,142.5,7.8,-959.4,1234,HOLD,3
14644,696,83,-193,0,255,136.6,13.7,-937.0,1078,HOLD,3
14684,697,37,101,0,255,124.9,3.9,-929.2,1057,HOLD,3
14708,698,40,106,0,255,120.0,-1.0,-933.1,1005,HOLD,3
14744,699,80,-248,0,255,130.8,5.9,-935.0,1297,HOLD,3
14784,700,-29,-53,0,255,146.4,8.8,-945.7,1267,HOLD,3
14805,701,61,-50,0,255,129.8,2.9,-955.5,1189,HOLD,3
14844,702,99,-127,0,255,135.7,2.9,-954.5,1000,HOLD,3
14873,703,45,-65,0,255,130.8,4.9,-943.8,955,HOLD,3
14907,704,41,65,0,255,131.8,5.9,-938.9,920,HOLD,3
14944,705,-41,-50,0,255,128.8,7.8,-948.7,953,HOLD,3
14984,706,-49,36,0,255,139.6,19.5,-936.0,942,HOLD,3
15009,707,30,49,0,255,133.7,11.7,-954.5,971,HOLD,3
15044,708,-69,-87,0,255,127.9,17.6,-950.6,1100,HOLD,3
15084,709,77,-57,0,255,118.1,10.7,-948.7,1167,HOLD,3
15106,710,0,0,0,255,115.2,15.6,-929.2,1042,HOLD,3
15144,711,-34,131,0,255,129.8,7.8,-958.4,930,HOLD,3
15184,712,-68,-178,0,255,142.5,14.6,-948.7,1052,HOLD,3
15208,713,0,0,0,255,126.9,1.0,-959.4,1007,HOLD,3
15244,714,45,-157,0,255,135.7,13.7,-945.7,1075,HOLD,3
15284,715,49,81,0,255,132.7,24.4,-933.1,1153,HOLD,3
15310,716,-48,93,0,255,129.8,26.4,-933.1,1005,HOLD,3
15344,717,-83,88,0,255,124.0,16.6,-926.2,922,HOLD,3
15384,718,-35,85,0,255,124.9,16.6,-940.9,955,HOLD,3
15407,719,60,-118,0,255,132.7,5.9,-960.4,851,HOLD,3
15444,720,146,-217,0,255,141.5,10.7,-945.7,834,HOLD,3
15484,721,-40,109,0,255,129.8,10.7,-933.1,771,HOLD,3
15509,722,83,102,0,255,133.7,6.8,-943.8,828,HOLD,3
15544,723,-97,63,0,255,153.2,29.3,-931.1,810,HOLD,3
15584,724,-115,117,0,255,131.8,17.6,-943.8,828,HOLD,3
15611,725,71,-94,0,255,121.0,4.9,-969.2,818,HOLD,3
15645,726,143,-179,0,255,117.1,4.9,-966.2,894,HOLD,3
15684,727,50,-87,0,255,120.0,30.3,-931.1,836,HOLD,3
15708,728,-146,204,0,255,115.2,24.4,-923.3,891,HOLD,3
15744,729,-58,89,0,255,133.7,23.4,-941.8,890,HOLD,3
15784,730,39,-89,0,255,136.6,17.6,-959.4,865,HOLD,3
15810,731,43,-96,0,255,143.5,10.7,-957.5,849,HOLD,3
15844,732,60,112,0,255,137.6,16.6,-956.5,1033,HOLD,3
15884,733,70,126,0,255,124.9,12.7,-937.0,1063,HOLD,3
15912,734,26,212,0,255,126.9,11.7,-940.9,876,HOLD,3
15946,735,-83,-202,0,255,134.7,7.8,-935.0,927,HOLD,3
15984,736,-127,138,0,255,153.2,8.8,-943.8,1233,HOLD,3
