t_ms,phase_idx,phase,frame_seq,dx,dy,body_fw,body_left,pos_fw,pos_left,confidence,imu_x_mg,imu_y_mg,imu_z_mg
115,0,WAIT_start,78,0,0,0,0,0,0,244,-92,-261,-944
137,0,WAIT_start,79,0,0,0,0,0,0,244,-109,-270,-992
185,0,WAIT_start,80,0,0,0,0,0,0,244,-112,-272,-871
226,0,WAIT_start,81,0,0,0,0,0,0,240,-103,-244,-891
273,0,WAIT_start,82,0,0,0,0,0,0,244,-94,-304,-958
323,0,WAIT_start,83,-1,0,1,0,1,0,244,-129,-235,-873
368,0,WAIT_start,84,0,0,0,0,1,0,244,-88,-284,-978
411,0,WAIT_start,85,0,0,0,0,1,0,244,-86,-290,-809
458,0,WAIT_start,86,0,0,0,0,1,0,244,-153,-241,-932
507,0,WAIT_start,87,0,0,0,0,1,0,244,-105,-284,-847
550,0,WAIT_start,88,0,0,0,0,1,0,248,-106,-231,-1003
593,0,WAIT_start,89,-1,0,1,0,2,0,244,-95,-264,-797
643,0,WAIT_start,90,0,0,0,0,2,0,248,-110,-222,-976
684,0,WAIT_start,91,0,0,0,0,2,0,244,-115,-222,-912
725,0,WAIT_start,92,-1,0,1,0,3,0,244,-106,-225,-932
769,0,WAIT_start,93,0,0,0,0,3,0,248,-123,-179,-986
812,0,WAIT_start,94,0,0,0,0,3,0,244,-123,-244,-906
864,0,WAIT_start,95,0,0,0,0,3,0,248,-167,-193,-797
922,0,WAIT_start,96,-1,0,1,0,4,0,244,-87,-234,-993
944,0,WAIT_start,97,0,0,0,0,4,0,248,-155,-191,-959
1017,0,WAIT_start,98,0,0,0,0,4,0,248,-82,-220,-850
1037,0,WAIT_start,99,0,0,0,0,4,0,244,-91,-181,-951
1084,0,WAIT_start,100,0,0,0,0,4,0,248,-123,-179,-899
1179,0,WAIT_start,102,0,0,0,0,4,0,244,-128,-203,-782
1235,0,WAIT_start,103,0,0,0,0,4,0,244,-136,-185,-891
1278,0,WAIT_start,104,0,0,0,0,4,0,244,-95,-198,-903
1319,0,WAIT_start,105,0,0,0,0,4,0,244,-146,-166,-968
1366,0,WAIT_start,106,0,0,0,0,4,0,244,-73,-198,-961
1417,0,WAIT_start,107,0,0,0,0,4,0,244,-80,-213,-959
1457,0,WAIT_start,108,0,0,0,0,4,0,244,-141,-167,-978
1497,0,WAIT_start,109,0,0,0,0,4,0,244,-95,-203,-862
1537,0,WAIT_start,110,0,0,0,0,4,0,244,-126,-202,-954
1577,0,WAIT_start,111,0,0,0,0,4,0,244,-105,-207,-955
1617,0,WAIT_start,112,0,0,0,0,4,0,244,-159,-169,-886
1658,0,WAIT_start,113,0,0,0,0,4,0,248,-72,-229,-880
1699,0,WAIT_start,114,0,0,0,0,4,0,248,-119,-172,-956
1739,0,WAIT_start,115,0,0,0,0,4,0,244,-87,-189,-830
1779,0,WAIT_start,116,0,0,0,0,4,0,244,-138,-160,-1038
1820,0,WAIT_start,117,0,0,0,0,4,0,244,-92,-177,-899
1869,0,WAIT_start,118,0,0,0,0,4,0,248,-131,-170,-783
1922,0,WAIT_start,119,0,0,0,0,4,0,244,-96,-180,-954
1966,0,WAIT_start,120,0,0,0,0,4,0,248,-89,-148,-899
2015,0,WAIT_start,121,-1,0,1,0,5,0,244,-63,-191,-960
2062,0,WAIT_start,122,0,0,0,0,5,0,244,-127,-102,-1007
2112,1,MOVE_FW,123,0,0,0,0,5,0,244,-51,-184,-935
2160,1,MOVE_FW,124,0,0,0,0,5,0,248,-135,-144,-956
2200,1,MOVE_FW,125,0,0,0,0,5,0,248,-41,-168,-897
2241,1,MOVE_FW,126,-1,0,1,0,6,0,248,-52,-146,-997
2283,1,MOVE_FW,127,0,0,0,0,6,0,248,-50,-104,-1031
2326,1,MOVE_FW,128,0,0,0,0,6,0,244,-55,-113,-914
2393,1,MOVE_FW,129,0,0,0,0,6,0,248,-50,-172,-855
2415,1,MOVE_FW,130,0,0,0,0,6,0,244,-66,-95,-999
2459,1,MOVE_FW,131,0,0,0,0,6,0,248,-95,-158,-843
2499,1,MOVE_FW,132,0,0,0,0,6,0,248,-41,-157,-922
2539,1,MOVE_FW,133,0,0,0,0,6,0,244,-59,-126,-988
2595,1,MOVE_FW,134,0,0,0,0,6,0,244,-70,-128,-954
2637,1,MOVE_FW,135,0,0,0,0,6,0,244,-88,-141,-894
2681,1,MOVE_FW,136,0,0,0,0,6,0,244,-37,-142,-972
2726,1,MOVE_FW,137,0,0,0,0,6,0,248,-95,-101,-1031
2779,1,MOVE_FW,138,0,0,0,0,6,0,248,-37,-131,-977
2823,1,MOVE_FW,139,0,0,0,0,6,0,248,-96,-127,-854
2875,1,MOVE_FW,140,0,0,0,0,6,0,248,-41,-120,-999
2916,1,MOVE_FW,141,0,0,0,0,6,0,244,-80,-113,-924
2957,1,MOVE_FW,142,0,0,0,0,6,0,248,-49,-103,-983
2997,1,MOVE_FW,143,0,0,0,0,6,0,248,-68,-86,-946
3037,1,MOVE_FW,144,0,0,0,0,6,0,248,-51,-127,-977
3077,1,MOVE_FW,145,0,0,0,0,6,0,248,-46,-67,-977
3120,1,MOVE_FW,146,0,0,0,0,6,0,248,-115,-94,-908
3161,1,MOVE_FW,147,0,0,0,0,6,0,248,109,-168,-959
3206,1,MOVE_FW,148,0,0,0,0,6,0,248,-102,8,-1066
3255,1,MOVE_FW,149,1,1,-1,1,5,1,244,-37,-73,-800
3313,1,MOVE_FW,150,0,0,0,0,5,1,248,16,-90,-983
3335,1,MOVE_FW,151,0,0,0,0,5,1,248,-111,-81,-829
3380,1,MOVE_FW,152,0,0,0,0,5,1,248,-39,-94,-1052
3421,1,MOVE_FW,153,0,0,0,0,5,1,248,-93,-44,-848
3470,1,MOVE_FW,154,0,0,0,0,5,1,244,24,-93,-922
3518,1,MOVE_FW,155,0,0,0,0,5,1,248,-40,-107,-1005
3558,1,MOVE_FW,156,0,0,0,0,5,1,248,-98,-58,-905
3599,1,MOVE_FW,157,-1,0,1,0,6,1,248,-39,2,-1043
3639,1,MOVE_FW,158,0,0,0,0,6,1,248,-54,-35,-917
3679,1,MOVE_FW,159,-1,-1,1,-1,7,0,244,-50,-74,-900
3721,1,MOVE_FW,160,0,0,0,0,7,0,248,110,30,-1040
3770,1,MOVE_FW,161,0,0,0,0,7,0,244,-82,12,-891
3817,1,MOVE_FW,162,0,0,0,0,7,0,244,76,-152,-1035
3872,1,MOVE_FW,163,0,0,0,0,7,0,248,-13,-57,-931
3916,1,MOVE_FW,164,1,0,-1,0,6,0,248,-38,-35,-919
3956,1,MOVE_FW,165,1,0,-1,0,5,0,244,13,-31,-983
4014,1,MOVE_FW,166,0,0,0,0,5,0,248,28,-77,-951
4036,1,MOVE_FW,167,0,0,0,0,5,0,244,-104,-33,-996
4076,1,MOVE_FW,168,0,0,0,0,5,0,244,56,-155,-991
4132,1,MOVE_FW,169,0,0,0,0,5,0,244,-76,-64,-904
4175,1,MOVE_FW,170,1,0,-1,0,4,0,244,-43,-50,-992
4218,1,MOVE_FW,171,0,0,0,0,4,0,244,82,-132,-905
4266,1,MOVE_FW,172,0,0,0,0,4,0,244,-28,-33,-903
4317,1,MOVE_FW,173,1,0,-1,0,3,0,248,21,-114,-1002
4364,1,MOVE_FW,174,0,0,0,0,3,0,248,-6,-70,-990
4413,1,MOVE_FW,175,0,0,0,0,3,0,248,79,-159,-901
4453,1,MOVE_FW,176,0,0,0,0,3,0,244,153,-132,-917
4493,1,MOVE_FW,177,-1,0,1,0,4,0,248,-66,4,-1051
4533,1,MOVE_FW,178,0,0,0,0,4,0,244,40,-65,-849
4573,1,MOVE_FW,179,0,0,0,0,4,0,248,0,-22,-1037
4614,1,MOVE_FW,180,0,0,0,0,4,0,244,33,-117,-894
4655,1,MOVE_FW,181,1,0,-1,0,3,0,244,24,-89,-969
4698,1,MOVE_FW,182,-1,0,1,0,4,0,244,73,-34,-1023
4748,1,MOVE_FW,183,0,0,0,0,4,0,248,25,-3,-884
4792,1,MOVE_FW,184,0,0,0,0,4,0,244,23,30,-991
4833,1,MOVE_FW,185,0,0,0,0,4,0,244,74,-25,-865
4876,1,MOVE_FW,186,0,0,0,0,4,0,244,58,77,-975
4920,1,MOVE_FW,187,-1,0,1,0,5,0,248,117,1,-1013
4968,1,MOVE_FW,188,-1,0,1,0,6,0,248,67,41,-965
5015,1,MOVE_FW,189,0,0,0,0,6,0,248,11,83,-928
5055,1,MOVE_FW,190,1,0,-1,0,5,0,248,25,21,-882
5095,1,MOVE_FW,191,0,0,0,0,5,0,244,167,-71,-957
5137,1,MOVE_FW,192,0,0,0,0,5,0,244,58,33,-1033
5180,1,MOVE_FW,193,0,0,0,0,5,0,248,123,-10,-867
5229,1,MOVE_FW,194,0,0,0,0,5,0,244,-40,100,-1036
5276,1,MOVE_FW,195,1,0,-1,0,4,0,244,70,-27,-910
5319,1,MOVE_FW,196,0,0,0,0,4,0,248,82,-21,-946
5373,1,MOVE_FW,197,0,0,0,0,4,0,244,21,100,-984
5414,1,MOVE_FW,198,0,0,0,0,4,0,248,2,34,-965
5454,1,MOVE_FW,199,0,0,0,0,4,0,244,101,-16,-1003
5494,1,MOVE_FW,200,-1,0,1,0,5,0,240,57,34,-934
5534,1,MOVE_FW,201,0,0,0,0,5,0,244,29,53,-911
5576,1,MOVE_FW,202,0,0,0,0,5,0,244,-21,99,-935
5618,1,MOVE_FW,203,1,0,-1,0,4,0,244,45,43,-971
5676,1,MOVE_FW,204,0,0,0,0,4,0,244,6,72,-976
5719,1,MOVE_FW,205,0,-1,0,-1,4,-1,240,47,18,-916
5760,1,MOVE_FW,206,0,0,0,0,4,-1,244,37,26,-977
5809,1,MOVE_FW,207,0,0,0,0,4,-1,244,6,71,-969
5857,1,MOVE_FW,208,0,0,0,0,4,-1,244,54,32,-922
5901,1,MOVE_FW,209,1,0,-1,0,3,-1,244,66,13,-930
5949,1,MOVE_FW,210,0,0,0,0,3,-1,240,70,48,-923
5995,1,MOVE_FW,211,0,0,0,0,3,-1,244,22,75,-979
6035,1,MOVE_FW,212,0,0,0,0,3,-1,244,79,82,-1013
6075,1,MOVE_FW,213,0,0,0,0,3,-1,244,36,135,-945
6115,2,WAIT_c1,214,1,0,-1,0,2,-1,244,79,73,-914
6155,2,WAIT_c1,215,1,0,-1,0,1,-1,244,106,25,-893
6195,2,WAIT_c1,216,0,0,0,0,1,-1,244,81,94,-990
6235,2,WAIT_c1,217,0,0,0,0,1,-1,244,136,64,-1027
6275,2,WAIT_c1,218,0,0,0,0,1,-1,248,80,79,-878
6318,2,WAIT_c1,219,0,0,0,0,1,-1,248,78,85,-981
6364,2,WAIT_c1,220,0,0,0,0,1,-1,244,111,32,-956
6413,2,WAIT_c1,221,0,0,0,0,1,-1,248,112,40,-885
6469,2,WAIT_c1,222,0,0,0,0,1,-1,244,101,55,-1018
6491,2,WAIT_c1,223,0,0,0,0,1,-1,244,122,39,-961
6535,2,WAIT_c1,224,0,0,0,0,1,-1,244,75,91,-941
6575,2,WAIT_c1,225,0,0,0,0,1,-1,244,173,7,-961
6615,2,WAIT_c1,226,0,0,0,0,1,-1,244,66,71,-982
6655,2,WAIT_c1,227,0,0,0,0,1,-1,244,63,51,-917
6695,2,WAIT_c1,228,0,0,0,0,1,-1,244,95,79,-999
6735,2,WAIT_c1,229,0,0,0,0,1,-1,248,122,50,-868
6775,2,WAIT_c1,230,0,-1,0,-1,1,-2,240,46,85,-999
6818,2,WAIT_c1,231,0,0,0,0,1,-2,244,56,49,-956
6868,2,WAIT_c1,232,0,0,0,0,1,-2,248,65,-4,-862
6914,2,WAIT_c1,233,0,0,0,0,1,-2,244,107,29,-1050
6954,2,WAIT_c1,234,0,0,0,0,1,-2,240,68,87,-887
7012,2,WAIT_c1,235,0,0,0,0,1,-2,244,80,56,-992
7034,2,WAIT_c1,236,0,0,0,0,1,-2,244,38,44,-965
7090,2,WAIT_c1,237,0,0,0,0,1,-2,244,61,28,-909
7112,2,WAIT_c1,238,0,0,0,0,1,-2,248,103,41,-905
7219,2,WAIT_c1,240,0,0,0,0,1,-2,248,75,82,-957
7285,2,WAIT_c1,241,0,0,0,0,1,-2,244,26,109,-916
7325,2,WAIT_c1,242,0,0,0,0,1,-2,248,34,102,-1022
7366,2,WAIT_c1,243,1,0,-1,0,0,-2,244,107,17,-920
7406,2,WAIT_c1,244,0,0,0,0,0,-2,240,59,113,-963
7446,2,WAIT_c1,245,0,0,0,0,0,-2,244,44,102,-885
7486,2,WAIT_c1,246,0,0,0,0,0,-2,244,115,63,-1029
7526,2,WAIT_c1,247,0,0,0,0,0,-2,248,72,110,-906
7585,2,WAIT_c1,248,0,0,0,0,0,-2,244,45,136,-986
7606,2,WAIT_c1,249,0,0,0,0,0,-2,244,86,43,-940
7646,2,WAIT_c1,250,0,0,0,0,0,-2,240,38,99,-930
7687,2,WAIT_c1,251,0,0,0,0,0,-2,244,123,40,-927
7728,2,WAIT_c1,252,-1,0,1,0,1,-2,244,81,69,-917
7773,2,WAIT_c1,253,0,0,0,0,1,-2,244,53,100,-1028
7823,2,WAIT_c1,254,0,0,0,0,1,-2,244,69,0,-837
7867,2,WAIT_c1,255,0,0,0,0,1,-2,244,50,91,-1076
7909,2,WAIT_c1,256,0,0,0,0,1,-2,244,59,108,-906
7951,2,WAIT_c1,257,0,0,0,0,1,-2,248,72,70,-965
7998,2,WAIT_c1,258,0,0,0,0,1,-2,244,81,37,-979
8047,2,WAIT_c1,259,0,0,0,0,1,-2,244,44,57,-871
8089,2,WAIT_c1,260,0,0,0,0,1,-2,248,55,90,-966
8134,3,MOVE_R,261,0,0,0,0,1,-2,244,53,75,-967
8181,3,MOVE_R,262,0,0,0,0,1,-2,248,110,64,-1006
8230,3,MOVE_R,263,0,0,0,0,1,-2,244,47,125,-905
8274,3,MOVE_R,264,-1,0,1,0,2,-2,244,54,81,-932
8323,3,MOVE_R,265,0,0,0,0,2,-2,240,89,33,-986
8370,3,MOVE_R,266,0,0,0,0,2,-2,244,43,82,-885
8411,3,MOVE_R,267,0,0,0,0,2,-2,244,94,72,-996
8455,3,MOVE_R,268,-1,0,1,0,3,-2,244,73,76,-941
8503,3,MOVE_R,269,0,0,0,0,3,-2,248,59,94,-964
8549,3,MOVE_R,270,0,0,0,0,3,-2,244,89,100,-955
8590,3,MOVE_R,271,0,0,0,0,3,-2,248,49,124,-926
8633,3,MOVE_R,272,0,0,0,0,3,-2,244,99,82,-973
8675,3,MOVE_R,273,0,0,0,0,3,-2,248,62,73,-985
8736,3,MOVE_R,274,0,0,0,0,3,-2,240,32,105,-926
8780,3,MOVE_R,275,0,0,0,0,3,-2,244,116,14,-931
8824,3,MOVE_R,276,1,0,-1,0,2,-2,244,47,58,-1008
8877,3,MOVE_R,277,0,0,0,0,2,-2,244,56,94,-924
8918,3,MOVE_R,278,0,0,0,0,2,-2,244,9,111,-872
8958,3,MOVE_R,279,0,0,0,0,2,-2,244,105,17,-1097
8999,3,MOVE_R,280,-1,1,1,1,3,-1,240,22,162,-978
9041,3,MOVE_R,281,1,0,-1,0,2,-1,244,76,19,-828
9090,3,MOVE_R,282,0,0,0,0,2,-1,244,37,75,-1198
9138,3,MOVE_R,283,0,0,0,0,2,-1,240,128,-44,-714
9178,3,MOVE_R,284,1,-1,-1,-1,1,-2,240,-42,39,-913
9218,3,MOVE_R,285,0,0,0,0,1,-2,244,116,-76,-1081
9260,3,MOVE_R,286,0,1,0,1,1,-1,240,90,40,-1010
9302,3,MOVE_R,287,1,0,-1,0,0,-1,240,-124,142,-826
9345,3,MOVE_R,288,0,0,0,0,0,-1,244,67,-34,-1086
9392,3,MOVE_R,289,0,0,0,0,0,-1,240,152,20,-924
9440,3,MOVE_R,290,-1,0,1,0,1,-1,244,-69,162,-791
9480,3,MOVE_R,291,1,0,-1,0,0,-1,240,-48,151,-1226
9520,3,MOVE_R,292,0,1,0,1,0,0,244,90,-57,-856
9560,3,MOVE_R,293,0,1,0,1,0,1,244,-20,91,-861
9600,3,MOVE_R,294,0,-1,0,-1,0,0,240,-82,191,-1089
9642,3,MOVE_R,295,1,1,-1,1,-1,1,244,44,57,-884
9684,3,MOVE_R,296,0,0,0,0,-1,1,244,5,10,-968
9733,3,MOVE_R,297,1,0,-1,0,-2,1,240,-9,4,-1009
9777,3,MOVE_R,298,0,1,0,1,-2,2,240,-47,-22,-910
9820,3,MOVE_R,299,0,0,0,0,-2,2,240,30,-13,-1000
9867,3,MOVE_R,300,0,0,0,0,-2,2,240,-84,73,-848
9916,3,MOVE_R,301,0,0,0,0,-2,2,248,-52,46,-1009
9959,3,MOVE_R,302,0,0,0,0,-2,2,240,-11,-43,-952
9999,3,MOVE_R,303,0,0,0,0,-2,2,240,15,-18,-890
10040,3,MOVE_R,304,0,0,0,0,-2,2,240,-49,73,-1055
10081,3,MOVE_R,305,0,0,0,0,-2,2,244,4,22,-897
10122,3,MOVE_R,306,0,0,0,0,-2,2,244,-16,36,-965
10166,3,MOVE_R,307,0,0,0,0,-2,2,244,21,36,-1034
10216,3,MOVE_R,308,0,0,0,0,-2,2,240,-31,78,-971
10274,3,MOVE_R,309,0,0,0,0,-2,2,244,45,-11,-933
10318,3,MOVE_R,310,1,0,-1,0,-3,2,244,-75,76,-855
10366,3,MOVE_R,311,0,0,0,0,-3,2,240,-29,59,-998
10417,3,MOVE_R,312,0,0,0,0,-3,2,244,0,57,-941
10458,3,MOVE_R,313,0,0,0,0,-3,2,248,-17,4,-929
10502,3,MOVE_R,314,0,0,0,0,-3,2,244,-4,57,-1042
10554,3,MOVE_R,315,0,0,0,0,-3,2,244,-53,40,-837
10612,3,MOVE_R,316,0,0,0,0,-3,2,240,16,49,-1034
10634,3,MOVE_R,317,0,0,0,0,-3,2,244,-65,63,-883
10692,3,MOVE_R,318,0,0,0,0,-3,2,248,20,-20,-961
10714,3,MOVE_R,319,0,0,0,0,-3,2,244,-18,48,-1028
10772,3,MOVE_R,320,0,0,0,0,-3,2,244,-1,63,-896
10794,3,MOVE_R,321,0,0,0,0,-3,2,244,-18,42,-947
10835,3,MOVE_R,322,0,0,0,0,-3,2,240,-17,72,-966
10879,3,MOVE_R,323,0,0,0,0,-3,2,244,-36,81,-940
10923,3,MOVE_R,324,1,0,-1,0,-4,2,240,-40,96,-989
10971,3,MOVE_R,325,0,0,0,0,-4,2,244,-42,81,-870
11017,3,MOVE_R,326,0,0,0,0,-4,2,244,-34,72,-977
11057,3,MOVE_R,327,0,0,0,0,-4,2,240,-18,71,-962
11097,3,MOVE_R,328,0,0,0,0,-4,2,244,8,65,-995
11137,3,MOVE_R,329,0,0,0,0,-4,2,240,-3,26,-896
11177,3,MOVE_R,330,0,0,0,0,-4,2,244,-57,122,-965
11217,3,MOVE_R,331,0,0,0,0,-4,2,240,-18,63,-924
11260,3,MOVE_R,332,0,0,0,0,-4,2,244,-6,60,-966
11303,3,MOVE_R,333,0,0,0,0,-4,2,240,-40,61,-959
11351,3,MOVE_R,334,0,0,0,0,-4,2,240,-47,26,-944
11395,3,MOVE_R,335,0,0,0,0,-4,2,244,-9,21,-972
11452,3,MOVE_R,336,0,0,0,0,-4,2,244,-51,75,-980
11474,3,MOVE_R,337,0,0,0,0,-4,2,244,-20,36,-951
11515,3,MOVE_R,338,0,0,0,0,-4,2,248,-63,74,-955
11571,3,MOVE_R,339,0,0,0,0,-4,2,244,-49,40,-890
11593,3,MOVE_R,340,0,0,0,0,-4,2,244,3,33,-981
11637,3,MOVE_R,341,-1,0,1,0,-3,2,244,-51,93,-953
11677,3,MOVE_R,342,0,0,0,0,-3,2,244,-30,36,-914
11717,3,MOVE_R,343,0,0,0,0,-3,2,248,-47,96,-1061
11774,3,MOVE_R,344,0,0,0,0,-3,2,244,-35,45,-928
11819,3,MOVE_R,345,0,0,0,0,-3,2,244,-40,82,-1017
11873,3,MOVE_R,346,0,0,0,0,-3,2,244,-52,43,-904
11914,3,MOVE_R,347,0,0,0,0,-3,2,244,-56,108,-973
11954,3,MOVE_R,348,0,0,0,0,-3,2,244,-68,66,-910
11994,3,MOVE_R,349,0,0,0,0,-3,2,248,-27,24,-978
12034,3,MOVE_R,350,0,0,0,0,-3,2,244,-94,90,-938
12074,3,MOVE_R,351,0,0,0,0,-3,2,248,-26,58,-939
12114,3,MOVE_R,352,0,0,0,0,-3,2,244,-46,45,-941
12154,4,WAIT_c2,353,0,0,0,0,-3,2,244,-59,70,-936
12194,4,WAIT_c2,354,0,0,0,0,-3,2,244,-43,30,-941
12234,4,WAIT_c2,355,0,0,0,0,-3,2,244,-76,81,-935
12274,4,WAIT_c2,356,0,0,0,0,-3,2,244,-65,65,-1043
12317,4,WAIT_c2,357,0,1,0,1,-3,3,244,-19,18,-859
12365,4,WAIT_c2,358,0,0,0,0,-3,3,244,-64,72,-999
12416,4,WAIT_c2,359,0,0,0,0,-3,3,244,-80,79,-964
12456,4,WAIT_c2,360,0,0,0,0,-3,3,244,-17,6,-940
12497,4,WAIT_c2,361,0,0,0,0,-3,3,244,-81,88,-974
12537,4,WAIT_c2,362,0,0,0,0,-3,3,248,-38,38,-937
12579,4,WAIT_c2,363,0,0,0,0,-3,3,244,-53,54,-938
12623,4,WAIT_c2,364,0,0,0,0,-3,3,248,-43,59,-961
12671,4,WAIT_c2,365,0,0,0,0,-3,3,248,-35,78,-991
12718,4,WAIT_c2,366,0,0,0,0,-3,3,248,-70,60,-935
12759,4,WAIT_c2,367,0,0,0,0,-3,3,244,-14,13,-986
12806,4,WAIT_c2,368,0,0,0,0,-3,3,244,-25,65,-921
12856,4,WAIT_c2,369,0,0,0,0,-3,3,244,-75,96,-937
12896,4,WAIT_c2,370,0,0,0,0,-3,3,248,-34,21,-974
12936,4,WAIT_c2,371,0,0,0,0,-3,3,244,-52,62,-969
12976,4,WAIT_c2,372,0,0,0,0,-3,3,248,-40,61,-957
13016,4,WAIT_c2,373,0,0,0,0,-3,3,248,-48,68,-995
13056,4,WAIT_c2,374,0,0,0,0,-3,3,248,-40,49,-924
13096,4,WAIT_c2,375,0,0,0,0,-3,3,244,-57,70,-969
13223,4,WAIT_c2,378,0,0,0,0,-3,3,244,-46,20,-880
13307,4,WAIT_c2,379,0,0,0,0,-3,3,244,-60,71,-934
13353,4,WAIT_c2,380,0,0,0,0,-3,3,248,-54,112,-954
13403,4,WAIT_c2,381,0,0,0,0,-3,3,248,-54,61,-927
13461,4,WAIT_c2,382,0,0,0,0,-3,3,248,-87,100,-975
13483,4,WAIT_c2,383,0,0,0,0,-3,3,244,-35,35,-946
13541,4,WAIT_c2,384,0,0,0,0,-3,3,248,-58,113,-975
13563,4,WAIT_c2,385,0,0,0,0,-3,3,244,-52,81,-965
13621,4,WAIT_c2,386,0,0,0,0,-3,3,244,-46,50,-955
13643,4,WAIT_c2,387,0,0,0,0,-3,3,244,-65,91,-1000
13683,4,WAIT_c2,388,0,0,0,0,-3,3,244,-26,30,-887
13704,4,WAIT_c2,389,0,0,0,0,-3,3,244,-16,24,-884
13771,4,WAIT_c2,390,0,0,0,0,-3,3,248,-70,91,-908
13819,4,WAIT_c2,391,0,0,0,0,-3,3,244,-40,52,-873
13867,4,WAIT_c2,392,-1,0,1,0,-2,3,244,-53,79,-1012
13911,4,WAIT_c2,393,0,0,0,0,-2,3,240,-50,45,-916
13956,4,WAIT_c2,394,0,0,0,0,-2,3,244,-65,74,-1012
14011,4,WAIT_c2,395,0,0,0,0,-2,3,248,-65,81,-892
14057,4,WAIT_c2,396,0,0,0,0,-2,3,244,-64,92,-989
14107,4,WAIT_c2,397,0,0,0,0,-2,3,244,-38,37,-1012
14152,5,MOVE_BACK,398,0,0,0,0,-2,3,248,-35,65,-892
14200,5,MOVE_BACK,399,0,0,0,0,-2,3,248,-83,96,-977
14251,5,MOVE_BACK,400,0,0,0,0,-2,3,248,-42,10,-888
14293,5,MOVE_BACK,401,0,0,0,0,-2,3,248,-63,90,-1035
14343,5,MOVE_BACK,402,0,0,0,0,-2,3,248,-19,63,-854
14385,5,MOVE_BACK,403,0,0,0,0,-2,3,244,-91,114,-1045
14443,5,MOVE_BACK,404,0,0,0,0,-2,3,248,-44,36,-955
14465,5,MOVE_BACK,405,0,0,0,0,-2,3,244,-44,28,-986
14522,5,MOVE_BACK,406,0,0,0,0,-2,3,248,-80,77,-937
14544,5,MOVE_BACK,407,0,0,0,0,-2,3,248,-57,52,-928
14585,5,MOVE_BACK,408,0,0,0,0,-2,3,244,-25,75,-969
14630,5,MOVE_BACK,409,0,0,0,0,-2,3,248,-82,109,-917
14673,5,MOVE_BACK,410,1,0,-1,0,-3,3,244,-6,12,-973
14720,5,MOVE_BACK,411,0,0,0,0,-3,3,248,-96,84,-964
14775,5,MOVE_BACK,412,-1,0,1,0,-2,3,244,-36,51,-943
14825,5,MOVE_BACK,413,0,0,0,0,-2,3,244,-40,66,-964
14886,5,MOVE_BACK,414,0,0,0,0,-2,3,244,-30,21,-932
14930,5,MOVE_BACK,415,1,0,-1,0,-3,3,244,-69,54,-934
14971,5,MOVE_BACK,416,0,0,0,0,-3,3,248,-57,47,-998
15014,5,MOVE_BACK,417,0,0,0,0,-3,3,244,-74,21,-912
15065,5,MOVE_BACK,418,0,0,0,0,-3,3,244,-2,22,-996
15107,5,MOVE_BACK,419,-1,0,1,0,-2,3,248,-114,116,-976
15147,5,MOVE_BACK,420,0,0,0,0,-2,3,244,-12,41,-928
15187,5,MOVE_BACK,421,0,0,0,0,-2,3,244,-70,88,-935
15228,5,MOVE_BACK,422,0,0,0,0,-2,3,244,-72,105,-988
15271,5,MOVE_BACK,423,0,0,0,0,-2,3,244,-63,53,-905
15319,5,MOVE_BACK,424,0,0,0,0,-2,3,240,-43,0,-861
15368,5,MOVE_BACK,425,0,0,0,0,-2,3,244,-99,76,-1040
15408,5,MOVE_BACK,426,0,0,0,0,-2,3,244,-85,47,-964
15448,5,MOVE_BACK,427,0,0,0,0,-2,3,244,-90,51,-1006
15488,5,MOVE_BACK,428,0,0,0,0,-2,3,248,-51,-13,-861
15528,5,MOVE_BACK,429,1,0,-1,0,-3,3,244,-91,32,-855
15570,5,MOVE_BACK,430,0,0,0,0,-3,3,244,-81,9,-973
15611,5,MOVE_BACK,431,0,0,0,0,-3,3,244,-19,-3,-950
15654,5,MOVE_BACK,432,0,0,0,0,-3,3,244,-90,65,-924
15701,5,MOVE_BACK,433,0,0,0,0,-3,3,244,-12,-74,-966
15752,5,MOVE_BACK,434,0,0,0,0,-3,3,244,-74,24,-967
15794,5,MOVE_BACK,435,0,0,0,0,-3,3,244,-43,-54,-899
15843,5,MOVE_BACK,436,0,0,0,0,-3,3,244,-44,16,-1042
15889,5,MOVE_BACK,437,0,0,0,0,-3,3,240,-70,-28,-865
15930,5,MOVE_BACK,438,0,0,0,0,-3,3,244,-30,8,-999
15970,5,MOVE_BACK,439,0,0,0,0,-3,3,244,-70,33,-948
16010,5,MOVE_BACK,440,0,0,0,0,-3,3,248,-24,-1,-856
16051,5,MOVE_BACK,441,0,0,0,0,-3,3,244,-71,38,-1061
16092,5,MOVE_BACK,442,-1,0,1,0,-2,3,244,-40,-12,-902
16134,5,MOVE_BACK,443,0,0,0,0,-2,3,248,-8,-24,-926
16178,5,MOVE_BACK,444,0,0,0,0,-2,3,244,-52,69,-988
16227,5,MOVE_BACK,445,0,0,0,0,-2,3,248,0,22,-982
16273,5,MOVE_BACK,446,0,0,0,0,-2,3,244,-37,-11,-897
16317,5,MOVE_BACK,447,0,0,0,0,-2,3,244,28,20,-1019
16365,5,MOVE_BACK,448,0,0,0,0,-2,3,248,-100,107,-945
16428,5,MOVE_BACK,449,0,0,0,0,-2,3,244,12,-15,-979
16473,5,MOVE_BACK,450,0,0,0,0,-2,3,244,-68,48,-1006
16521,5,MOVE_BACK,451,-1,0,1,0,-1,3,244,36,-40,-913
16569,5,MOVE_BACK,452,0,0,0,0,-1,3,244,-37,54,-965
16610,5,MOVE_BACK,453,-1,0,1,0,0,3,248,-65,18,-880
16654,5,MOVE_BACK,454,0,-1,0,-1,0,2,244,-142,58,-1032
16701,5,MOVE_BACK,455,0,0,0,0,0,2,244,1,-74,-958
16753,5,MOVE_BACK,456,0,0,0,0,0,2,244,-88,96,-1020
16795,5,MOVE_BACK,457,0,0,0,0,0,2,248,-122,89,-908
16845,5,MOVE_BACK,458,1,0,-1,0,-1,2,244,41,-86,-1052
16889,5,MOVE_BACK,459,0,0,0,0,-1,2,244,-180,111,-930
16929,5,MOVE_BACK,460,1,0,-1,0,-2,2,248,-83,-10,-894
16969,5,MOVE_BACK,461,0,0,0,0,-2,2,244,-42,-136,-997
17009,5,MOVE_BACK,462,0,0,0,0,-2,2,244,-119,-39,-968
17049,5,MOVE_BACK,463,0,0,0,0,-2,2,248,-67,-78,-858
17090,5,MOVE_BACK,464,0,0,0,0,-2,2,248,-126,43,-998
17133,5,MOVE_BACK,465,0,0,0,0,-2,2,244,-81,-69,-1003
17176,5,MOVE_BACK,466,0,0,0,0,-2,2,244,-79,-23,-1025
17227,5,MOVE_BACK,467,0,1,0,1,-2,3,244,-41,-41,-881
17271,5,MOVE_BACK,468,0,0,0,0,-2,3,244,-149,12,-958
17314,5,MOVE_BACK,469,0,0,0,0,-2,3,244,0,-119,-861
17360,5,MOVE_BACK,470,-1,0,1,0,-1,3,244,-122,47,-1116
17411,5,MOVE_BACK,471,0,0,0,0,-1,3,244,-59,-102,-811
17451,5,MOVE_BACK,472,0,0,0,0,-1,3,244,3,-56,-979
17491,5,MOVE_BACK,473,0,0,0,0,-1,3,244,-209,65,-954
17531,5,MOVE_BACK,474,0,0,0,0,-1,3,248,44,-105,-961
17573,5,MOVE_BACK,475,-1,0,1,0,0,3,244,-161,22,-981
17613,5,MOVE_BACK,476,0,0,0,0,0,3,244,-51,-46,-925
17654,5,MOVE_BACK,477,0,0,0,0,0,3,244,-149,-65,-916
17698,5,MOVE_BACK,478,0,0,0,0,0,3,244,-40,-100,-930
17746,5,MOVE_BACK,479,0,0,0,0,0,3,248,-117,45,-945
17792,5,MOVE_BACK,480,0,0,0,0,0,3,244,-64,-57,-909
17833,5,MOVE_BACK,481,0,0,0,0,0,3,244,-82,30,-920
17877,5,MOVE_BACK,482,0,0,0,0,0,3,244,-75,-16,-944
17926,5,MOVE_BACK,483,0,0,0,0,0,3,244,-69,-41,-910
17986,5,MOVE_BACK,484,0,0,0,0,0,3,244,-91,-79,-1044
18030,5,MOVE_BACK,485,0,0,0,0,0,3,244,-53,-16,-836
18078,5,MOVE_BACK,486,0,0,0,0,0,3,244,-162,13,-1052
18132,5,MOVE_BACK,487,0,0,0,0,0,3,244,-14,-108,-861
18181,6,WAIT_c3,488,0,0,0,0,0,3,248,-73,8,-923
18227,6,WAIT_c3,489,0,0,0,0,0,3,248,-57,-54,-976
18273,6,WAIT_c3,490,0,0,0,0,0,3,248,-124,42,-962
18323,6,WAIT_c3,491,0,1,0,1,0,4,244,-100,-20,-1010
18366,6,WAIT_c3,492,0,0,0,0,0,4,248,2,-115,-907
18409,6,WAIT_c3,493,0,0,0,0,0,4,244,-74,-11,-961
18453,6,WAIT_c3,494,0,0,0,0,0,4,244,-88,-26,-992
18502,6,WAIT_c3,495,0,0,0,0,0,4,244,-37,-36,-999
18548,6,WAIT_c3,496,0,0,0,0,0,4,248,-72,-73,-898
18589,6,WAIT_c3,497,0,0,0,0,0,4,248,19,-152,-869
18634,6,WAIT_c3,498,0,0,0,0,0,4,244,-84,-5,-952
18683,6,WAIT_c3,499,0,0,0,0,0,4,248,-103,-26,-1011
18727,6,WAIT_c3,500,0,0,0,0,0,4,248,21,-122,-934
18773,6,WAIT_c3,501,-1,0,1,0,1,4,244,-73,-41,-972
18821,6,WAIT_c3,502,0,0,0,0,1,4,244,-69,2,-1024
18868,6,WAIT_c3,503,0,0,0,0,1,4,248,-55,-85,-834
18910,6,WAIT_c3,504,0,0,0,0,1,4,244,-58,-29,-981
18957,6,WAIT_c3,505,0,0,0,0,1,4,244,-73,-2,-1015
19007,6,WAIT_c3,506,0,0,0,0,1,4,248,-67,-30,-854
19047,6,WAIT_c3,507,0,0,0,0,1,4,244,-48,-55,-1137
19088,6,WAIT_c3,508,0,0,0,0,1,4,244,-4,-60,-835
19132,6,WAIT_c3,509,0,0,0,0,1,4,244,-91,42,-1027
19265,6,WAIT_c3,511,0,0,0,0,1,4,248,-82,-42,-960
19285,6,WAIT_c3,512,0,0,0,0,1,4,244,-67,-51,-924
19325,6,WAIT_c3,513,0,0,0,0,1,4,244,-65,-25,-955
19366,6,WAIT_c3,514,0,0,0,0,1,4,248,-44,-58,-1011
19406,6,WAIT_c3,515,0,0,0,0,1,4,244,-35,-61,-854
19446,6,WAIT_c3,516,0,0,0,0,1,4,244,-112,-11,-1030
19486,6,WAIT_c3,517,0,0,0,0,1,4,248,-37,-81,-880
19527,6,WAIT_c3,518,-1,0,1,0,2,4,244,-79,-20,-996
19579,6,WAIT_c3,519,0,0,0,0,2,4,248,-40,-62,-966
19626,6,WAIT_c3,520,0,0,0,0,2,4,248,-90,13,-994
19671,6,WAIT_c3,521,1,0,-1,0,1,4,244,-39,-85,-957
19726,6,WAIT_c3,522,0,0,0,0,1,4,248,-51,3,-898
19776,6,WAIT_c3,523,0,0,0,0,1,4,248,-49,-38,-1046
19823,6,WAIT_c3,524,0,0,0,0,1,4,248,-41,-43,-933
19873,6,WAIT_c3,525,0,0,0,0,1,4,248,-94,0,-900
19918,6,WAIT_c3,526,0,0,0,0,1,4,248,-10,-82,-937
19958,6,WAIT_c3,527,0,0,0,0,1,4,248,-93,26,-934
20016,6,WAIT_c3,528,0,0,0,0,1,4,248,-18,-51,-1001
20038,6,WAIT_c3,529,-1,0,1,0,2,4,248,-101,-23,-858
20078,6,WAIT_c3,530,0,0,0,0,2,4,248,-19,-46,-1064
20119,6,WAIT_c3,531,0,0,0,0,2,4,248,-65,-8,-884
20160,7,MOVE_L,532,0,0,0,0,2,4,248,-34,-34,-993
20200,7,MOVE_L,533,0,0,0,0,2,4,248,-81,12,-949
20240,7,MOVE_L,534,0,0,0,0,2,4,248,19,-75,-970
20280,7,MOVE_L,535,0,0,0,0,2,4,248,-127,42,-1021
20323,7,MOVE_L,536,0,0,0,0,2,4,248,-34,-72,-789
20368,7,MOVE_L,537,1,0,-1,0,1,4,244,-16,-7,-1024
20417,7,MOVE_L,538,-1,0,1,0,2,4,248,-101,10,-849
20459,7,MOVE_L,539,1,0,-1,0,1,4,244,-11,-131,-943
20500,7,MOVE_L,540,0,0,0,0,1,4,248,-27,-85,-803
20546,7,MOVE_L,541,0,0,0,0,1,4,244,-22,9,-1050
20596,7,MOVE_L,542,1,0,-1,0,0,4,248,-97,19,-914
20640,7,MOVE_L,543,0,0,0,0,0,4,248,31,-77,-947
20680,7,MOVE_L,544,-1,0,1,0,1,4,244,-145,26,-950
20721,7,MOVE_L,545,0,0,0,0,1,4,244,-29,-81,-912
20764,7,MOVE_L,546,0,0,0,0,1,4,244,-31,-28,-984
20807,7,MOVE_L,547,0,0,0,0,1,4,248,-21,-51,-904
20856,7,MOVE_L,548,0,0,0,0,1,4,248,0,2,-987
20902,7,MOVE_L,549,0,0,0,0,1,4,248,1,-40,-954
20942,7,MOVE_L,550,0,0,0,0,1,4,248,-12,-20,-1088
20984,7,MOVE_L,551,0,0,0,0,1,4,248,-72,-2,-882
21027,7,MOVE_L,552,0,0,0,0,1,4,248,6,-88,-908
21074,7,MOVE_L,553,0,0,0,0,1,4,244,-48,-33,-948
21137,7,MOVE_L,554,0,0,0,0,1,4,248,-1,-60,-1000
21182,7,MOVE_L,555,0,0,0,0,1,4,244,-10,-39,-881
21229,7,MOVE_L,556,1,0,-1,0,0,4,244,-29,-6,-1026
21277,7,MOVE_L,557,0,0,0,0,0,4,248,-4,-68,-941
21319,7,MOVE_L,558,0,0,0,0,0,4,248,-46,-4,-1013
21373,7,MOVE_L,559,0,0,0,0,0,4,248,25,-87,-951
21415,7,MOVE_L,560,0,0,0,0,0,4,248,-50,13,-984
21474,7,MOVE_L,561,0,0,0,0,0,4,244,11,-50,-1004
21495,7,MOVE_L,562,0,0,0,0,0,4,248,-29,-22,-990
21554,7,MOVE_L,563,0,0,0,0,0,4,244,7,-49,-985
21575,7,MOVE_L,564,0,0,0,0,0,4,248,-40,-43,-944
21615,7,MOVE_L,565,0,0,0,0,0,4,248,17,-85,-1027
21674,7,MOVE_L,566,0,0,0,0,0,4,248,-3,-71,-994
21711,7,MOVE_L,567,0,0,0,0,0,4,244,58,-126,-856
21734,7,MOVE_L,568,0,0,0,0,0,4,244,10,-63,-949
21776,7,MOVE_L,569,0,0,0,0,0,4,244,47,-61,-892
21819,7,MOVE_L,570,0,0,0,0,0,4,248,37,-57,-999
21870,7,MOVE_L,571,-1,0,1,0,1,4,244,-7,-35,-929
21915,7,MOVE_L,572,0,0,0,0,1,4,244,96,-125,-955
21974,7,MOVE_L,573,0,0,0,0,1,4,248,-49,53,-1089
21995,7,MOVE_L,574,0,0,0,0,1,4,244,52,-97,-830
22015,7,MOVE_L,575,-1,0,1,0,2,4,244,46,-138,-841
22075,7,MOVE_L,576,0,0,0,0,2,4,244,-46,-24,-943
22133,7,MOVE_L,577,0,0,0,0,2,4,248,-5,-37,-1045
22155,7,MOVE_L,578,0,0,0,0,2,4,248,-21,-41,-904
22211,7,MOVE_L,579,0,0,0,0,2,4,244,18,-105,-1016
22233,7,MOVE_L,580,0,0,0,0,2,4,240,0,-73,-1008
22278,7,MOVE_L,581,0,0,0,0,2,4,244,-67,3,-924
22320,7,MOVE_L,582,1,0,-1,0,1,4,244,83,-106,-905
22373,7,MOVE_L,583,0,0,0,0,1,4,240,6,-59,-1020
22418,7,MOVE_L,584,0,0,0,0,1,4,244,-23,-109,-730
22460,7,MOVE_L,585,0,0,0,0,1,4,244,2,-13,-1169
22503,7,MOVE_L,586,0,0,0,0,1,4,244,28,-83,-782
22553,7,MOVE_L,587,0,0,0,0,1,4,244,6,-40,-1038
22597,7,MOVE_L,588,0,0,0,0,1,4,244,1,-117,-960
22664,7,MOVE_L,589,0,0,0,0,1,4,244,-11,-22,-941
22711,7,MOVE_L,590,0,0,0,0,1,4,244,4,-43,-908
22752,7,MOVE_L,591,0,0,0,0,1,4,248,47,-96,-963
22793,7,MOVE_L,592,0,0,0,0,1,4,244,-81,-46,-1073
22842,7,MOVE_L,593,1,0,-1,0,0,4,244,58,-152,-745
22890,7,MOVE_L,594,-1,-1,1,-1,1,3,244,-12,-6,-1100
22930,7,MOVE_L,595,0,0,0,0,1,3,248,-10,-58,-1000
22970,7,MOVE_L,596,0,1,0,1,1,4,244,55,-138,-814
23010,7,MOVE_L,597,-1,-1,1,-1,2,3,244,-11,-11,-1118
23050,7,MOVE_L,598,0,0,0,0,2,3,244,25,-110,-910
23091,7,MOVE_L,599,0,0,0,0,2,3,244,97,-56,-966
23133,7,MOVE_L,600,0,0,0,0,2,3,244,-57,-9,-878
23178,7,MOVE_L,601,1,1,-1,1,1,4,244,68,-91,-949
23228,7,MOVE_L,602,0,0,0,0,1,4,248,-22,-6,-991
23272,7,MOVE_L,603,0,0,0,0,1,4,248,38,-129,-902
23318,7,MOVE_L,604,-1,0,1,0,2,4,240,20,-70,-1059
23365,7,MOVE_L,605,0,0,0,0,2,4,248,2,-51,-1016
23411,7,MOVE_L,606,0,0,0,0,2,4,244,40,-118,-915
23451,7,MOVE_L,607,0,0,0,0,2,4,244,6,-151,-905
23491,7,MOVE_L,608,0,0,0,0,2,4,240,-4,-42,-1091
23531,7,MOVE_L,609,0,0,0,0,2,4,244,14,-70,-894
23573,7,MOVE_L,610,0,0,0,0,2,4,244,11,-64,-981
23613,7,MOVE_L,611,0,0,0,0,2,4,244,79,-141,-821
23654,7,MOVE_L,612,0,-1,0,-1,2,3,244,0,-40,-974
23698,7,MOVE_L,613,0,0,0,0,2,3,244,-50,-80,-1025
23747,7,MOVE_L,614,0,0,0,0,2,3,244,8,-126,-874
23792,7,MOVE_L,615,0,-1,0,-1,2,2,240,-56,1,-1068
23833,7,MOVE_L,616,1,0,-1,0,1,2,244,35,-118,-891
23876,7,MOVE_L,617,0,0,0,0,1,2,244,32,-32,-1043
23924,7,MOVE_L,618,0,0,0,0,1,2,244,3,-56,-852
23970,7,MOVE_L,619,0,0,0,0,1,2,244,11,-97,-1060
24029,7,MOVE_L,620,0,0,0,0,1,2,248,-27,-21,-992
24050,7,MOVE_L,621,0,0,0,0,1,2,240,-30,-11,-981
24072,7,MOVE_L,622,0,0,0,0,1,2,244,-47,-40,-1070
24132,7,MOVE_L,623,0,0,0,0,1,2,244,-2,-118,-1060
24197,8,WAIT_end,624,0,-1,0,-1,1,1,244,25,-54,-932
24238,8,WAIT_end,625,1,0,-1,0,0,1,244,43,-20,-1018
24294,8,WAIT_end,626,0,1,0,1,0,2,244,-34,-108,-968
24316,8,WAIT_end,627,0,-1,0,-1,0,1,244,-8,-199,-822
24372,8,WAIT_end,628,0,0,0,0,0,1,244,27,-74,-1034
24420,8,WAIT_end,629,0,0,0,0,0,1,248,-34,76,-926
24460,8,WAIT_end,630,0,0,0,0,0,1,244,76,-142,-1079
24500,8,WAIT_end,631,0,0,0,0,0,1,248,-13,-91,-891
24540,8,WAIT_end,632,-1,0,1,0,1,1,244,-34,-89,-890
24581,8,WAIT_end,633,0,0,0,0,1,1,248,0,-197,-961
24625,8,WAIT_end,634,0,0,0,0,1,1,248,4,-19,-902
24673,8,WAIT_end,635,-1,0,1,0,2,1,244,-56,-59,-956
24722,8,WAIT_end,636,0,0,0,0,2,1,244,118,-190,-922
24765,8,WAIT_end,637,0,0,0,0,2,1,248,-32,-49,-999
24813,8,WAIT_end,638,0,0,0,0,2,1,244,-76,-19,-998
24867,8,WAIT_end,639,-1,0,1,0,3,1,244,-29,-65,-907
24916,8,WAIT_end,640,-1,0,1,0,4,1,244,80,-149,-985
24960,8,WAIT_end,641,-1,0,1,0,5,1,248,-61,-9,-953
25001,8,WAIT_end,642,0,0,0,0,5,1,244,-27,-79,-977
25042,8,WAIT_end,643,0,0,0,0,5,1,248,17,-117,-936
25083,8,WAIT_end,644,0,0,0,0,5,1,244,-55,-55,-934
25128,8,WAIT_end,645,0,0,0,0,5,1,248,-9,-81,-910
25178,8,WAIT_end,646,0,0,0,0,5,1,244,38,-99,-893
25279,8,WAIT_end,648,-1,0,1,0,6,1,244,12,-104,-789
25328,8,WAIT_end,649,0,-1,0,-1,6,0,244,3,-52,-1015
25378,8,WAIT_end,650,0,0,0,0,6,0,244,-51,-47,-890
25423,8,WAIT_end,651,0,0,0,0,6,0,244,13,-135,-968
25463,8,WAIT_end,652,-1,0,1,0,7,0,244,1,-95,-932
25505,8,WAIT_end,653,1,0,-1,0,6,0,244,-11,-29,-1016
25548,8,WAIT_end,654,-1,0,1,0,7,0,244,-15,-96,-916
25598,8,WAIT_end,655,0,0,0,0,7,0,244,-1,-13,-1100
25640,8,WAIT_end,656,0,0,0,0,7,0,248,-20,-100,-854
25698,8,WAIT_end,657,0,0,0,0,7,0,244,20,-61,-983
25720,8,WAIT_end,658,0,0,0,0,7,0,244,-68,-40,-1004
25789,8,WAIT_end,659,-1,0,1,0,8,0,244,0,-78,-919
25829,8,WAIT_end,660,0,0,0,0,8,0,244,-13,-8,-1067
25871,8,WAIT_end,661,0,0,0,0,8,0,244,19,-120,-914
25911,8,WAIT_end,662,0,0,0,0,8,0,244,-37,-65,-922
25951,8,WAIT_end,663,-1,0,1,0,9,0,244,40,-42,-1062
25991,8,WAIT_end,664,0,0,0,0,9,0,248,-11,-87,-927
26031,8,WAIT_end,665,0,0,0,0,9,0,244,-2,-48,-923
26073,8,WAIT_end,666,0,0,0,0,9,0,244,20,-100,-980
26113,8,WAIT_end,667,0,0,0,0,9,0,248,-24,-81,-876
26158,8,WAIT_end,668,0,0,0,0,9,0,248,-6,6,-1064
