t_ms,phase_idx,phase,frame_seq,dx,dy,body_fw,body_left,pos_fw,pos_left,confidence
3001,1,MOVE_FW,274,1,0,-1,0,-1,0,240
3042,1,MOVE_FW,275,0,0,0,0,-1,0,244
3082,1,MOVE_FW,276,0,0,0,0,-1,0,240
3130,1,MOVE_FW,277,1,0,-1,0,-2,0,240
3181,1,MOVE_FW,278,0,0,0,0,-2,0,244
3225,1,MOVE_FW,279,1,0,-1,0,-3,0,240
3268,1,MOVE_FW,280,0,0,0,0,-3,0,240
3316,1,MOVE_FW,281,0,0,0,0,-3,0,240
3363,1,MOVE_FW,282,-1,1,1,1,-2,1,240
3405,1,MOVE_FW,283,0,0,0,0,-2,1,240
3451,1,MOVE_FW,284,0,0,0,0,-2,1,240
3503,1,MOVE_FW,285,0,0,0,0,-2,1,240
3545,1,MOVE_FW,286,0,0,0,0,-2,1,248
3589,1,MOVE_FW,287,1,0,-1,0,-3,1,240
3635,1,MOVE_FW,288,-1,0,1,0,-2,1,244
3688,1,MOVE_FW,289,1,0,-1,0,-3,1,240
3730,1,MOVE_FW,290,0,0,0,0,-3,1,240
3775,1,MOVE_FW,291,0,0,0,0,-3,1,236
3826,1,MOVE_FW,292,-1,0,1,0,-2,1,240
3870,1,MOVE_FW,293,0,0,0,0,-2,1,240
3913,1,MOVE_FW,294,0,0,0,0,-2,1,240
3959,1,MOVE_FW,295,0,0,0,0,-2,1,236
4030,1,MOVE_FW,296,1,0,-1,0,-3,1,240
4077,1,MOVE_FW,297,0,1,0,1,-3,2,240
4122,1,MOVE_FW,298,0,0,0,0,-3,2,240
4175,1,MOVE_FW,299,0,0,0,0,-3,2,236
4218,1,MOVE_FW,300,1,0,-1,0,-4,2,236
4265,1,MOVE_FW,301,0,0,0,0,-4,2,236
4315,1,MOVE_FW,302,1,0,-1,0,-5,2,236
4366,1,MOVE_FW,303,-1,0,1,0,-4,2,244
4414,1,MOVE_FW,304,1,0,-1,0,-5,2,236
4454,1,MOVE_FW,305,0,0,0,0,-5,2,244
4498,1,MOVE_FW,306,1,0,-1,0,-6,2,236
4545,1,MOVE_FW,307,0,0,0,0,-6,2,240
4593,1,MOVE_FW,308,0,0,0,0,-6,2,240
4633,1,MOVE_FW,309,0,0,0,0,-6,2,248
4673,1,MOVE_FW,310,0,0,0,0,-6,2,244
4713,1,MOVE_FW,311,0,0,0,0,-6,2,244
4753,1,MOVE_FW,312,0,0,0,0,-6,2,244
4793,1,MOVE_FW,313,0,0,0,0,-6,2,244
4835,1,MOVE_FW,314,0,0,0,0,-6,2,240
4883,1,MOVE_FW,315,0,0,0,0,-6,2,240
4936,1,MOVE_FW,316,0,0,0,0,-6,2,240
4979,1,MOVE_FW,317,0,0,0,0,-6,2,240
5027,1,MOVE_FW,318,0,0,0,0,-6,2,244
5073,1,MOVE_FW,319,0,0,0,0,-6,2,244
5113,1,MOVE_FW,320,0,0,0,0,-6,2,248
5154,1,MOVE_FW,321,0,0,0,0,-6,2,240
5194,1,MOVE_FW,322,0,0,0,0,-6,2,244
5238,1,MOVE_FW,323,1,0,-1,0,-7,2,240
5285,1,MOVE_FW,324,0,0,0,0,-7,2,240
5333,1,MOVE_FW,325,0,0,0,0,-7,2,244
5386,1,MOVE_FW,326,0,0,0,0,-7,2,244
5429,1,MOVE_FW,327,0,0,0,0,-7,2,240
5471,1,MOVE_FW,328,0,0,0,0,-7,2,244
5511,1,MOVE_FW,329,0,0,0,0,-7,2,240
5551,1,MOVE_FW,330,0,0,0,0,-7,2,248
5607,1,MOVE_FW,331,0,0,0,0,-7,2,240
5654,1,MOVE_FW,332,0,0,0,0,-7,2,240
5699,1,MOVE_FW,333,0,0,0,0,-7,2,240
5753,1,MOVE_FW,334,0,0,0,0,-7,2,244
5798,1,MOVE_FW,335,0,0,0,0,-7,2,240
5853,1,MOVE_FW,336,0,0,0,0,-7,2,240
5907,1,MOVE_FW,337,0,0,0,0,-7,2,244
5947,1,MOVE_FW,338,0,0,0,0,-7,2,248
5987,1,MOVE_FW,339,0,0,0,0,-7,2,244
6027,1,MOVE_FW,340,0,0,0,0,-7,2,236
6067,1,MOVE_FW,341,0,0,0,0,-7,2,240
6087,1,MOVE_FW,342,0,0,0,0,-7,2,240
6147,1,MOVE_FW,343,0,0,0,0,-7,2,244
6187,1,MOVE_FW,344,0,0,0,0,-7,2,244
6207,1,MOVE_FW,345,0,0,0,0,-7,2,248
6267,1,MOVE_FW,346,0,0,0,0,-7,2,244
6287,1,MOVE_FW,347,0,0,0,0,-7,2,248
6350,1,MOVE_FW,348,0,0,0,0,-7,2,240
6400,1,MOVE_FW,349,0,0,0,0,-7,2,244
6449,1,MOVE_FW,350,0,0,0,0,-7,2,240
6490,1,MOVE_FW,351,0,0,0,0,-7,2,244
6530,1,MOVE_FW,352,0,0,0,0,-7,2,244
6575,1,MOVE_FW,353,0,0,0,0,-7,2,248
6620,1,MOVE_FW,354,0,0,0,0,-7,2,248
6673,1,MOVE_FW,355,0,0,0,0,-7,2,244
6716,1,MOVE_FW,356,0,0,0,0,-7,2,240
6763,1,MOVE_FW,357,0,0,0,0,-7,2,240
6811,1,MOVE_FW,358,0,0,0,0,-7,2,236
6854,1,MOVE_FW,359,0,0,0,0,-7,2,244
6907,1,MOVE_FW,360,0,0,0,0,-7,2,240
6948,1,MOVE_FW,361,0,0,0,0,-7,2,240
6988,1,MOVE_FW,362,0,0,0,0,-7,2,240
10019,3,MOVE_R,423,0,0,0,0,-7,2,244
10062,3,MOVE_R,424,0,0,0,0,-7,2,244
10109,3,MOVE_R,425,0,0,0,0,-7,2,244
10159,3,MOVE_R,426,0,0,0,0,-7,2,244
10201,3,MOVE_R,427,0,0,0,0,-7,2,244
10246,3,MOVE_R,428,-1,0,1,0,-6,2,244
10298,3,MOVE_R,429,0,0,0,0,-6,2,244
10343,3,MOVE_R,430,0,0,0,0,-6,2,244
10393,3,MOVE_R,431,0,0,0,0,-6,2,244
10436,3,MOVE_R,432,0,0,0,0,-6,2,248
10492,3,MOVE_R,433,0,0,0,0,-6,2,248
10536,3,MOVE_R,434,0,0,0,0,-6,2,244
10580,3,MOVE_R,435,0,0,0,0,-6,2,248
10631,3,MOVE_R,436,0,0,0,0,-6,2,244
10671,3,MOVE_R,437,0,0,0,0,-6,2,248
10711,3,MOVE_R,438,0,0,0,0,-6,2,248
10731,3,MOVE_R,439,0,0,0,0,-6,2,244
10791,3,MOVE_R,440,0,0,0,0,-6,2,244
10831,3,MOVE_R,441,0,0,0,0,-6,2,244
10876,3,MOVE_R,442,0,0,0,0,-6,2,244
10920,3,MOVE_R,443,0,0,0,0,-6,2,248
10970,3,MOVE_R,444,0,0,0,0,-6,2,248
11012,3,MOVE_R,445,0,0,0,0,-6,2,244
11052,3,MOVE_R,446,0,0,0,0,-6,2,248
11092,3,MOVE_R,447,0,0,0,0,-6,2,248
11132,3,MOVE_R,448,0,0,0,0,-6,2,244
11172,3,MOVE_R,449,0,0,0,0,-6,2,244
11212,3,MOVE_R,450,0,0,0,0,-6,2,248
11252,3,MOVE_R,451,0,0,0,0,-6,2,248
11292,3,MOVE_R,452,0,0,0,0,-6,2,244
11332,3,MOVE_R,453,0,0,0,0,-6,2,244
11377,3,MOVE_R,454,0,0,0,0,-6,2,244
11421,3,MOVE_R,455,0,0,0,0,-6,2,244
11471,3,MOVE_R,456,0,0,0,0,-6,2,244
11511,3,MOVE_R,457,-1,-1,1,-1,-5,1,244
11551,3,MOVE_R,458,0,0,0,0,-5,1,240
11591,3,MOVE_R,459,-1,0,1,0,-4,1,244
11631,3,MOVE_R,460,0,0,0,0,-4,1,244
11671,3,MOVE_R,461,0,0,0,0,-4,1,244
11711,3,MOVE_R,462,0,0,0,0,-4,1,244
11751,3,MOVE_R,463,0,0,0,0,-4,1,240
11791,3,MOVE_R,464,0,0,0,0,-4,1,244
11831,3,MOVE_R,465,0,-1,0,-1,-4,0,240
11875,3,MOVE_R,466,0,0,0,0,-4,0,244
11920,3,MOVE_R,467,0,0,0,0,-4,0,244
11990,3,MOVE_R,468,0,0,0,0,-4,0,248
12033,3,MOVE_R,469,-1,-1,1,-1,-3,-1,248
12076,3,MOVE_R,470,0,0,0,0,-3,-1,244
12123,3,MOVE_R,471,0,0,0,0,-3,-1,248
12172,3,MOVE_R,472,0,0,0,0,-3,-1,248
12213,3,MOVE_R,473,0,0,0,0,-3,-1,244
12256,3,MOVE_R,474,0,0,0,0,-3,-1,248
12305,3,MOVE_R,475,0,0,0,0,-3,-1,248
12352,3,MOVE_R,476,0,0,0,0,-3,-1,244
12397,3,MOVE_R,477,0,0,0,0,-3,-1,244
12442,3,MOVE_R,478,-1,0,1,0,-2,-1,244
12495,3,MOVE_R,479,0,0,0,0,-2,-1,244
12539,3,MOVE_R,480,0,-1,0,-1,-2,-2,240
12590,3,MOVE_R,481,-1,0,1,0,-1,-2,244
12630,3,MOVE_R,482,0,0,0,0,-1,-2,244
12650,3,MOVE_R,483,0,0,0,0,-1,-2,244
12710,3,MOVE_R,484,-1,0,1,0,0,-2,244
12750,3,MOVE_R,485,0,0,0,0,0,-2,244
12807,3,MOVE_R,486,0,0,0,0,0,-2,244
12827,3,MOVE_R,487,0,-1,0,-1,0,-3,244
12874,3,MOVE_R,488,-2,0,2,0,2,-3,244
12918,3,MOVE_R,489,-1,-1,1,-1,3,-4,244
12963,3,MOVE_R,490,1,0,-1,0,2,-4,244
13016,3,MOVE_R,491,-1,0,1,0,3,-4,244
13058,3,MOVE_R,492,0,0,0,0,3,-4,244
13105,3,MOVE_R,493,0,0,0,0,3,-4,244
13155,3,MOVE_R,494,-1,0,1,0,4,-4,244
13197,3,MOVE_R,495,0,0,0,0,4,-4,248
13242,3,MOVE_R,496,0,0,0,0,4,-4,244
13293,3,MOVE_R,497,1,0,-1,0,3,-4,248
13333,3,MOVE_R,498,-1,0,1,0,4,-4,244
13378,3,MOVE_R,499,3,1,-3,1,1,-3,244
13420,3,MOVE_R,500,-1,0,1,0,2,-3,248
13468,3,MOVE_R,501,0,0,0,0,2,-3,248
13514,3,MOVE_R,502,0,0,0,0,2,-3,248
13583,3,MOVE_R,503,0,0,0,0,2,-3,248
13625,3,MOVE_R,504,-1,0,1,0,3,-3,248
13668,3,MOVE_R,505,0,0,0,0,3,-3,248
13716,3,MOVE_R,506,0,0,0,0,3,-3,244
13759,3,MOVE_R,507,0,0,0,0,3,-3,244
13801,3,MOVE_R,508,0,0,0,0,3,-3,244
13841,3,MOVE_R,509,-1,0,1,0,4,-3,248
13881,3,MOVE_R,510,0,0,0,0,4,-3,240
13921,3,MOVE_R,511,0,0,0,0,4,-3,244
13961,3,MOVE_R,512,0,0,0,0,4,-3,244
14001,3,MOVE_R,513,0,0,0,0,4,-3,248
17024,5,MOVE_BACK,575,0,0,0,0,4,-3,248
17044,5,MOVE_BACK,576,0,0,0,0,4,-3,248
17092,5,MOVE_BACK,577,0,0,0,0,4,-3,244
17133,5,MOVE_BACK,578,0,0,0,0,4,-3,248
17176,5,MOVE_BACK,579,0,0,0,0,4,-3,248
17218,5,MOVE_BACK,580,0,0,0,0,4,-3,244
17266,5,MOVE_BACK,581,0,0,0,0,4,-3,244
17314,5,MOVE_BACK,582,0,0,0,0,4,-3,248
17366,5,MOVE_BACK,583,0,0,0,0,4,-3,248
17419,5,MOVE_BACK,584,0,0,0,0,4,-3,248
17465,5,MOVE_BACK,585,1,0,-1,0,3,-3,244
17515,5,MOVE_BACK,586,0,0,0,0,3,-3,244
17558,5,MOVE_BACK,587,0,0,0,0,3,-3,244
17605,5,MOVE_BACK,588,0,0,0,0,3,-3,248
17655,5,MOVE_BACK,589,0,0,0,0,3,-3,248
17697,5,MOVE_BACK,590,0,0,0,0,3,-3,248
17742,5,MOVE_BACK,591,0,0,0,0,3,-3,248
17792,5,MOVE_BACK,592,0,0,0,0,3,-3,248
17834,5,MOVE_BACK,593,0,0,0,0,3,-3,248
17878,5,MOVE_BACK,594,1,0,-1,0,2,-3,244
17925,5,MOVE_BACK,595,0,0,0,0,2,-3,248
17978,5,MOVE_BACK,596,0,0,0,0,2,-3,248
18020,5,MOVE_BACK,597,0,0,0,0,2,-3,248
18069,5,MOVE_BACK,598,0,0,0,0,2,-3,248
18112,5,MOVE_BACK,599,0,0,0,0,2,-3,248
18153,5,MOVE_BACK,600,1,0,-1,0,1,-3,248
18193,5,MOVE_BACK,601,0,0,0,0,1,-3,248
18233,5,MOVE_BACK,602,0,0,0,0,1,-3,248
18273,5,MOVE_BACK,603,0,0,0,0,1,-3,244
18338,5,MOVE_BACK,604,0,0,0,0,1,-3,248
18388,5,MOVE_BACK,605,0,0,0,0,1,-3,244
18437,5,MOVE_BACK,606,1,0,-1,0,0,-3,248
18477,5,MOVE_BACK,607,0,0,0,0,0,-3,248
18517,5,MOVE_BACK,608,1,0,-1,0,-1,-3,248
18557,5,MOVE_BACK,609,0,0,0,0,-1,-3,248
18597,5,MOVE_BACK,610,0,0,0,0,-1,-3,244
18637,5,MOVE_BACK,611,0,0,0,0,-1,-3,244
18677,5,MOVE_BACK,612,1,0,-1,0,-2,-3,244
18717,5,MOVE_BACK,613,0,0,0,0,-2,-3,244
18757,5,MOVE_BACK,614,0,0,0,0,-2,-3,244
18797,5,MOVE_BACK,615,-1,0,1,0,-1,-3,244
18837,5,MOVE_BACK,616,0,0,0,0,-1,-3,244
18877,5,MOVE_BACK,617,0,0,0,0,-1,-3,248
18922,5,MOVE_BACK,618,0,0,0,0,-1,-3,244
18964,5,MOVE_BACK,619,0,0,0,0,-1,-3,248
19010,5,MOVE_BACK,620,0,0,0,0,-1,-3,244
19062,5,MOVE_BACK,621,0,0,0,0,-1,-3,248
19104,5,MOVE_BACK,622,0,0,0,0,-1,-3,244
19150,5,MOVE_BACK,623,0,0,0,0,-1,-3,244
19197,5,MOVE_BACK,624,-1,0,1,0,0,-3,248
19243,5,MOVE_BACK,625,0,0,0,0,0,-3,244
19285,5,MOVE_BACK,626,0,0,0,0,0,-3,244
19328,5,MOVE_BACK,627,0,0,0,0,0,-3,244
19377,5,MOVE_BACK,628,0,0,0,0,0,-3,244
19423,5,MOVE_BACK,629,0,0,0,0,0,-3,244
19464,5,MOVE_BACK,630,0,0,0,0,0,-3,244
19505,5,MOVE_BACK,631,1,0,-1,0,-1,-3,244
19546,5,MOVE_BACK,632,0,0,0,0,-1,-3,244
19586,5,MOVE_BACK,633,0,0,0,0,-1,-3,244
19628,5,MOVE_BACK,634,0,0,0,0,-1,-3,244
19673,5,MOVE_BACK,635,1,0,-1,0,-2,-3,244
19719,5,MOVE_BACK,636,0,0,0,0,-2,-3,248
19769,5,MOVE_BACK,637,0,0,0,0,-2,-3,244
19812,5,MOVE_BACK,638,-1,0,1,0,-1,-3,244
19863,5,MOVE_BACK,639,0,0,0,0,-1,-3,248
19939,5,MOVE_BACK,640,0,0,0,0,-1,-3,248
19985,5,MOVE_BACK,641,2,0,-2,0,-3,-3,244
20037,5,MOVE_BACK,642,1,0,-1,0,-4,-3,244
20081,5,MOVE_BACK,643,0,0,0,0,-4,-3,244
20127,5,MOVE_BACK,644,1,0,-1,0,-5,-3,244
20175,5,MOVE_BACK,645,0,0,0,0,-5,-3,248
20217,5,MOVE_BACK,646,0,0,0,0,-5,-3,248
20260,5,MOVE_BACK,647,0,0,0,0,-5,-3,244
20304,5,MOVE_BACK,648,0,0,0,0,-5,-3,248
20353,5,MOVE_BACK,649,0,0,0,0,-5,-3,244
20400,5,MOVE_BACK,650,0,0,0,0,-5,-3,248
20442,5,MOVE_BACK,651,0,0,0,0,-5,-3,244
20491,5,MOVE_BACK,652,0,0,0,0,-5,-3,244
20533,5,MOVE_BACK,653,0,0,0,0,-5,-3,244
20574,5,MOVE_BACK,654,-1,0,1,0,-4,-3,248
20614,5,MOVE_BACK,655,0,0,0,0,-4,-3,244
20656,5,MOVE_BACK,656,0,0,0,0,-4,-3,244
20699,5,MOVE_BACK,657,0,0,0,0,-4,-3,244
20741,5,MOVE_BACK,658,1,0,-1,0,-5,-3,244
20788,5,MOVE_BACK,659,0,0,0,0,-5,-3,244
20841,5,MOVE_BACK,660,0,0,0,0,-5,-3,244
20886,5,MOVE_BACK,661,0,0,0,0,-5,-3,244
20940,5,MOVE_BACK,662,0,0,0,0,-5,-3,244
20983,5,MOVE_BACK,663,-1,0,1,0,-4,-3,240
24049,7,MOVE_L,726,0,0,0,0,-4,-3,244
24069,7,MOVE_L,727,0,0,0,0,-4,-3,248
24129,7,MOVE_L,728,0,0,0,0,-4,-3,244
24169,7,MOVE_L,729,0,0,0,0,-4,-3,240
24209,7,MOVE_L,730,0,0,0,0,-4,-3,240
24249,7,MOVE_L,731,0,0,0,0,-4,-3,240
24269,7,MOVE_L,732,0,0,0,0,-4,-3,244
24329,7,MOVE_L,733,0,0,0,0,-4,-3,248
24373,7,MOVE_L,734,0,0,0,0,-4,-3,248
24424,7,MOVE_L,735,0,0,0,0,-4,-3,244
24469,7,MOVE_L,736,0,0,0,0,-4,-3,244
24509,7,MOVE_L,737,0,0,0,0,-4,-3,244
24549,7,MOVE_L,738,0,0,0,0,-4,-3,244
24589,7,MOVE_L,739,0,0,0,0,-4,-3,240
24645,7,MOVE_L,740,0,0,0,0,-4,-3,248
24692,7,MOVE_L,741,0,0,0,0,-4,-3,248
24738,7,MOVE_L,742,0,0,0,0,-4,-3,244
24791,7,MOVE_L,743,0,0,0,0,-4,-3,240
24835,7,MOVE_L,744,0,0,0,0,-4,-3,240
24888,7,MOVE_L,745,0,0,0,0,-4,-3,244
24931,7,MOVE_L,746,0,0,0,0,-4,-3,244
24973,7,MOVE_L,747,0,0,0,0,-4,-3,248
25022,7,MOVE_L,748,0,0,0,0,-4,-3,244
25065,7,MOVE_L,749,0,0,0,0,-4,-3,244
25105,7,MOVE_L,750,0,0,0,0,-4,-3,244
25145,7,MOVE_L,751,0,0,0,0,-4,-3,244
25185,7,MOVE_L,752,0,0,0,0,-4,-3,248
25225,7,MOVE_L,753,0,0,0,0,-4,-3,244
25265,7,MOVE_L,754,0,0,0,0,-4,-3,244
25305,7,MOVE_L,755,0,0,0,0,-4,-3,240
25345,7,MOVE_L,756,0,0,0,0,-4,-3,240
25386,7,MOVE_L,757,1,0,-1,0,-5,-3,240
25426,7,MOVE_L,758,-1,0,1,0,-4,-3,236
25466,7,MOVE_L,759,0,0,0,0,-4,-3,236
25506,7,MOVE_L,760,0,1,0,1,-4,-2,240
25546,7,MOVE_L,761,0,0,0,0,-4,-2,240
25586,7,MOVE_L,762,1,0,-1,0,-5,-2,240
25626,7,MOVE_L,763,0,0,0,0,-5,-2,240
25669,7,MOVE_L,764,1,0,-1,0,-6,-2,240
25713,7,MOVE_L,765,0,0,0,0,-6,-2,240
25759,7,MOVE_L,766,0,0,0,0,-6,-2,240
25809,7,MOVE_L,767,0,1,0,1,-6,-1,236
25851,7,MOVE_L,768,0,0,0,0,-6,-1,236
25898,7,MOVE_L,769,0,0,0,0,-6,-1,240
25951,7,MOVE_L,770,0,0,0,0,-6,-1,240
25993,7,MOVE_L,771,0,0,0,0,-6,-1,240
26041,7,MOVE_L,772,0,0,0,0,-6,-1,240
26088,7,MOVE_L,773,-1,0,1,0,-5,-1,236
26129,7,MOVE_L,774,0,0,0,0,-5,-1,240
26192,7,MOVE_L,775,0,0,0,0,-5,-1,240
26239,7,MOVE_L,776,-1,-1,1,-1,-4,-2,240
26285,7,MOVE_L,777,0,0,0,0,-4,-2,240
26338,7,MOVE_L,778,0,0,0,0,-4,-2,240
26383,7,MOVE_L,779,0,0,0,0,-4,-2,240
26437,7,MOVE_L,780,0,0,0,0,-4,-2,248
26480,7,MOVE_L,781,0,0,0,0,-4,-2,244
26527,7,MOVE_L,782,0,0,0,0,-4,-2,244
26574,7,MOVE_L,783,0,0,0,0,-4,-2,240
26614,7,MOVE_L,784,0,0,0,0,-4,-2,240
26658,7,MOVE_L,785,1,0,-1,0,-5,-2,240
26700,7,MOVE_L,786,0,0,0,0,-5,-2,240
26749,7,MOVE_L,787,0,0,0,0,-5,-2,244
26791,7,MOVE_L,788,0,0,0,0,-5,-2,240
26832,7,MOVE_L,789,0,0,0,0,-5,-2,244
26879,7,MOVE_L,790,0,0,0,0,-5,-2,244
26923,7,MOVE_L,791,0,0,0,0,-5,-2,248
26974,7,MOVE_L,792,-1,0,1,0,-4,-2,244
27014,7,MOVE_L,793,0,0,0,0,-4,-2,240
27054,7,MOVE_L,794,-1,1,1,1,-3,-1,236
27094,7,MOVE_L,795,1,1,-1,1,-4,0,240
27114,7,MOVE_L,796,1,1,-1,1,-5,1,240
27174,7,MOVE_L,797,0,0,0,0,-5,1,240
27214,7,MOVE_L,798,0,0,0,0,-5,1,240
27254,7,MOVE_L,799,-1,0,1,0,-4,1,244
27298,7,MOVE_L,800,0,1,0,1,-4,2,236
27341,7,MOVE_L,801,0,0,0,0,-4,2,244
27392,7,MOVE_L,802,0,0,0,0,-4,2,244
27432,7,MOVE_L,803,0,1,0,1,-4,3,240
27474,7,MOVE_L,804,0,0,0,0,-4,3,244
27514,7,MOVE_L,805,-1,0,1,0,-3,3,244
27554,7,MOVE_L,806,1,0,-1,0,-4,3,244
27594,7,MOVE_L,807,-1,1,1,1,-3,4,244
27634,7,MOVE_L,808,1,0,-1,0,-4,4,244
27674,7,MOVE_L,809,0,0,0,0,-4,4,240
27729,7,MOVE_L,810,1,0,-1,0,-5,4,240
27777,7,MOVE_L,811,-1,0,1,0,-4,4,240
27824,7,MOVE_L,812,0,0,0,0,-4,4,244
27878,7,MOVE_L,813,0,0,0,0,-4,4,244
27925,7,MOVE_L,814,-1,0,1,0,-3,4,244
27974,7,MOVE_L,815,0,0,0,0,-3,4,244
28014,7,MOVE_L,816,0,0,0,0,-3,4,248
