iter	tid	cls	conf	cx	cy	err_x	err_y	vx	vy	fvx	fvy	x1	y1	x2	y2	fseq
0	0	0	0	0	0	0	0	0	0	0	0	0	0	0	0	52
1	0	0	0	0	0	0	0	0	0	0	0	0	0	0	0	55
2	0	0	0	0	0	0	0	0	0	0	0	0	0	0	0	59
3	0	0	0	0	0	0	0	0	0	0	0	0	0	0	0	62
4	0	0	0	0	0	0	0	0	0	0	0	0	0	0	0	66
5	0	0	0	0	0	0	0	0	0	0	0	0	0	0	0	69
6	0	0	0	0	0	0	0	0	0	0	0	0	0	0	0	73
7	0	0	0	0	0	0	0	0	0	0	0	0	0	0	0	76
8	0	0	0	0	0	0	0	0	0	0	0	0	0	0	0	80
9	0	0	0	0	0	0	0	0	0	0	0	0	0	0	0	83
10	0	0	0	0	0	0	0	0	0	0	0	0	0	0	0	87
11	0	0	0	0	0	0	0	0	0	0	0	0	0	0	0	90
12	0	0	0	0	0	0	0	0	0	0	0	0	0	0	0	94
13	0	0	0	0	0	0	0	0	0	0	0	0	0	0	0	97
14	0	0	0	0	0	0	0	0	0	0	0	0	0	0	0	101
15	0	0	0	0	0	0	0	0	0	0	0	0	0	0	0	104
16	0	0	0	0	0	0	0	0	0	0	0	0	0	0	0	108
17	0	0	0	0	0	0	0	0	0	0	0	0	0	0	0	112
18	0	0	0	0	0	0	0	0	0	0	0	0	0	0	0	115
19	0	0	0	0	0	0	0	0	0	0	0	0	0	0	0	119
20	0	0	0	0	0	0	0	0	0	0	0	0	0	0	0	123
21	0	0	0	0	0	0	0	0	0	0	0	0	0	0	0	126
22	0	0	0	0	0	0	0	0	0	0	0	0	0	0	0	130
23	0	0	0	0	0	0	0	0	0	0	0	0	0	0	0	133
24	0	0	0	0	0	0	0	0	0	0	0	0	0	0	0	137
25	0	0	0	0	0	0	0	0	0	0	0	0	0	0	0	140
26	0	0	0	0	0	0	0	0	0	0	0	0	0	0	0	144
27	0	0	0	0	0	0	0	0	0	0	0	0	0	0	0	147
28	0	0	0	0	0	0	0	0	0	0	0	0	0	0	0	151
29	0	0	0	0	0	0	0	0	0	0	0	0	0	0	0	154
30	0	0	0	0	0	0	0	0	0	0	0	0	0	0	0	158
31	0	0	0	0	0	0	0	0	0	0	0	0	0	0	0	161
32	0	0	0	0	0	0	0	0	0	0	0	0	0	0	0	165
33	0	0	0	0	0	0	0	0	0	0	0	0	0	0	0	169
34	0	0	0	0	0	0	0	0	0	0	0	0	0	0	0	172
35	0	0	0	0	0	0	0	0	0	0	0	0	0	0	0	175
36	0	0	0	0	0	0	0	0	0	0	0	0	0	0	0	179
37	0	0	0	0	0	0	0	0	0	0	0	0	0	0	0	183
38	0	0	0	0	0	0	0	0	0	0	0	0	0	0	0	186
39	0	0	0	0	0	0	0	0	0	0	0	0	0	0	0	190
40	0	0	0	0	0	0	0	0	0	0	0	0	0	0	0	193
41	0	0	0	0	0	0	0	0	0	0	0	0	0	0	0	197
42	0	0	0	0	0	0	0	0	0	0	0	0	0	0	0	200
43	0	0	0	0	0	0	0	0	0	0	0	0	0	0	0	204
44	0	0	0	0	0	0	0	0	0	0	0	0	0	0	0	207
45	0	0	0	0	0	0	0	0	0	0	0	0	0	0	0	211
46	0	0	0	0	0	0	0	0	0	0	0	0	0	0	0	214
47	0	0	0	0	0	0	0	0	0	0	0	0	0	0	0	218
48	0	0	0	0	0	0	0	0	0	0	0	0	0	0	0	221
49	0	0	0	0	0	0	0	0	0	0	0	0	0	0	0	225
50	0	0	0	0	0	0	0	0	0	0	0	0	0	0	0	229
51	0	0	0	0	0	0	0	0	0	0	0	0	0	0	0	232
52	0	0	0	0	0	0	0	0	0	0	0	0	0	0	0	235
53	0	0	0	0	0	0	0	0	0	0	0	0	0	0	0	239
54	0	0	0	0	0	0	0	0	0	0	0	0	0	0	0	243
55	0	0	0	0	0	0	0	0	0	0	0	0	0	0	0	246
56	0	0	0	0	0	0	0	0	0	0	0	0	0	0	0	250
57	0	0	0	0	0	0	0	0	0	0	0	0	0	0	0	253
58	0	0	0	0	0	0	0	0	0	0	0	0	0	0	0	257
59	0	0	0	0	0	0	0	0	0	0	0	0	0	0	0	260
60	0	0	0	0	0	0	0	0	0	0	0	0	0	0	0	264
61	0	0	0	0	0	0	0	0	0	0	0	0	0	0	0	267
62	0	0	0	0	0	0	0	0	0	0	0	0	0	0	0	271
63	0	0	0	0	0	0	0	0	0	0	0	0	0	0	0	274
64	0	0	0	0	0	0	0	0	0	0	0	0	0	0	0	278
65	0	0	0	0	0	0	0	0	0	0	0	0	0	0	0	281
66	0	0	0	0	0	0	0	0	0	0	0	0	0	0	0	284
67	0	0	0	0	0	0	0	0	0	17	-12	0	0	0	0	288
68	0	0	0	0	0	0	0	0	0	53	-26	0	0	0	0	292
69	0	0	0	0	0	0	0	0	0	14103	11793	0	0	0	0	295
70	0	0	0	0	0	0	0	0	0	-26530	160	0	0	0	0	298
71	0	0	0	0	0	0	0	0	0	-443	-173	0	0	0	0	300
72	0	0	0	0	0	0	0	0	0	-3327	-471	0	0	0	0	303
73	0	0	0	0	0	0	0	0	0	288	2861	0	0	0	0	305
74	0	0	0	0	0	0	0	0	0	177	573	0	0	0	0	308
75	0	0	0	0	0	0	0	0	0	350	632	0	0	0	0	311
76	0	0	0	0	0	0	0	0	0	225	409	0	0	0	0	313
77	0	0	0	0	0	0	0	0	0	276	1257	0	0	0	0	315
78	0	0	0	0	0	0	0	0	0	1356	314	0	0	0	0	318
79	0	0	0	0	0	0	0	0	0	873	-242	0	0	0	0	321
80	2	16	715	73	233	-77	83	200	200	1397	-693	15	166	131	300	323
81	2	16	707	84	230	-66	80	200	200	-408	343	32	160	137	300	326
82	2	16	734	80	229	-70	79	200	200	488	-357	25	159	135	299	329
83	2	16	789	82	228	-68	78	200	200	419	-312	29	158	136	299	332
84	2	16	789	84	229	-66	79	200	200	208	-278	33	160	135	299	335
85	2	16	789	87	228	-63	78	200	200	309	-268	39	157	136	299	337
86	2	16	785	92	227	-58	77	200	200	214	-187	46	156	139	299	340
87	4	16	742	111	224	-39	74	200	156	161	-243	53	151	170	297	343
88	4	16	750	109	227	-41	77	200	164	-120	111	58	156	160	298	346
89	4	16	742	108	229	-42	79	200	168	195	-150	61	160	155	298	349
90	4	16	797	104	228	-46	78	200	184	132	-99	64	160	145	297	351
91	4	16	645	105	227	-45	77	200	180	161	-104	69	160	142	294	354
92	4	16	820	105	226	-45	76	200	180	100	-97	71	161	140	292	357
93	4	16	805	106	224	-44	74	200	176	-38	-73	73	161	140	288	359
94	4	16	785	106	222	-44	72	200	176	81	-92	75	160	138	284	361
95	4	16	785	106	222	-44	72	200	176	77	-58	75	160	138	284	364
96	4	16	723	107	217	-43	67	200	172	19	-52	76	158	138	277	366
97	4	16	664	108	216	-42	66	200	168	50	-29	76	158	140	274	369
98	4	16	758	108	214	-42	64	200	168	82	-15	77	157	140	272	371
99	4	16	676	110	213	-40	63	200	160	118	-8	77	156	143	271	374
100	4	16	715	109	214	-41	64	200	164	6	8	76	157	143	271	377
101	4	16	695	109	215	-41	65	200	164	-32	26	76	158	143	272	379
102	4	16	723	109	215	-41	65	200	164	-63	16	75	158	143	272	382
103	4	16	742	107	216	-43	66	200	172	-15	27	73	159	142	273	384
104	4	16	758	106	220	-44	70	200	176	-1176	1583	71	162	141	279	387
105	4	16	797	105	226	-45	76	200	180	171	-111	69	166	141	287	390
106	4	16	820	104	227	-46	77	200	184	197	-255	69	166	139	289	393
107	4	16	840	103	229	-47	79	200	188	-37	67	68	166	138	292	396
108	4	16	832	102	230	-48	80	200	192	-19	45	67	167	138	294	399
109	4	16	855	102	232	-48	82	200	192	90	-85	66	169	138	295	402
110	4	16	813	101	231	-49	81	200	196	98	-85	65	168	138	295	404
111	4	16	805	103	230	-47	80	200	188	49	-135	66	166	140	295	407
112	4	16	828	104	230	-46	80	200	184	223	-176	67	166	142	295	410
113	4	16	828	104	230	-46	80	200	184	45	-274	67	166	142	295	413
114	4	16	805	106	225	-44	75	200	176	71	-262	68	159	144	291	416
115	4	16	766	108	221	-42	71	200	168	138	-156	70	153	146	289	419
116	4	16	805	109	217	-41	67	200	164	103	-217	72	149	147	286	422
117	4	16	742	111	212	-39	62	200	156	117	-259	73	145	150	280	424
118	4	16	785	113	208	-37	58	200	148	162	-214	75	142	151	275	427
119	4	16	656	114	204	-36	54	200	144	235	-289	77	138	152	270	430
120	4	16	695	120	199	-30	49	196	120	224	-322	81	132	159	267	433
121	4	16	707	121	196	-29	46	184	116	-13	-207	83	128	159	265	436
122	4	16	773	122	193	-28	43	172	112	195	-235	85	125	159	262	438
123	4	16	785	123	189	-27	39	156	108	163	-297	87	122	159	257	441
124	4	16	785	123	189	-27	39	156	108	327	-391	87	122	159	257	444
125	4	16	758	125	186	-25	36	144	100	198	-235	90	120	161	252	447
126	4	16	805	130	176	-20	26	104	80	174	-243	93	112	168	241	450
127	4	16	844	131	171	-19	21	84	76	263	-318	95	108	168	235	453
128	4	16	707	136	167	-14	17	68	56	75	-253	99	103	173	232	455
129	4	16	688	137	164	-13	14	56	52	212	-181	101	99	173	229	458
130	4	16	715	140	163	-10	13	52	40	283	-227	103	99	177	227	461
131	4	16	773	141	160	-9	10	40	36	211	-270	105	97	178	224	464
132	4	16	813	142	157	-8	7	28	32	351	-348	106	94	178	221	467
133	4	16	559	145	152	-5	2	8	20	301	-327	107	87	183	217	469
134	4	16	559	146	147	-4	-3	-12	16	203	-303	109	84	184	210	472
135	4	16	645	149	140	-1	-10	-40	4	709	-730	111	75	188	206	475
136	2	16	766	164	129	14	-21	-84	-56	40	-137	129	66	200	193	478
137	2	16	766	163	125	13	-25	-100	-52	-153	-11	129	61	197	189	480
138	2	16	805	161	122	11	-28	-112	-44	77	-34	128	58	195	187	483
139	2	16	688	162	120	12	-30	-120	-48	347	-256	128	55	197	185	486
140	2	16	688	163	119	13	-31	-124	-52	255	-217	129	55	198	184	489
141	4	64	695	169	107	19	-43	-172	-76	93	-111	92	20	247	195	491
142	2	16	664	168	115	18	-35	-140	-72	111	-55	130	49	206	182	494
143	2	0	523	168	114	18	-36	-144	-72	252	-134	130	48	206	181	497
144	2	16	676	167	114	17	-36	-144	-68	175	-64	130	48	204	180	499
145	2	16	813	168	113	18	-37	-148	-72	48	-12	133	49	204	178	502
146	2	16	828	169	113	19	-37	-148	-76	66	-5	134	50	204	177	505
147	2	16	766	170	114	20	-36	-144	-80	152	-45	136	51	205	177	508
148	2	16	766	171	113	21	-37	-148	-84	265	-68	136	51	206	175	510
149	2	16	742	173	111	23	-39	-156	-92	163	-54	137	49	209	174	513
150	2	16	715	174	111	24	-39	-156	-96	8	-2	138	49	210	173	516
151	2	16	707	175	111	25	-39	-156	-100	-40	16	138	49	212	173	518
152	2	16	613	175	111	25	-39	-156	-100	85	-19	138	49	212	173	521
153	2	16	715	177	110	27	-40	-160	-108	-17	-16	138	47	216	174	524
154	2	16	656	178	110	28	-40	-160	-112	253	-42	138	45	218	175	526
155	2	16	750	179	107	29	-43	-172	-116	165	-39	139	39	219	175	529
156	2	16	664	179	105	29	-45	-180	-116	173	-59	140	37	219	174	532
157	2	64	707	181	103	31	-47	-188	-124	130	-32	140	32	222	175	535
158	2	64	707	181	103	31	-47	-188	-124	108	-25	140	32	222	175	537
159	2	16	688	181	103	31	-47	-188	-124	102	-45	141	32	222	175	540
160	2	16	656	183	103	33	-47	-188	-132	85	-27	145	34	221	173	543
161	2	16	645	184	105	34	-45	-180	-136	66	-32	146	36	223	174	545
162	2	16	633	185	106	35	-44	-176	-140	50	-29	146	36	225	176	548
163	2	16	676	186	105	36	-45	-180	-144	34	-18	146	33	227	177	551
164	2	16	723	187	104	37	-46	-184	-148	96	-18	147	34	228	175	553
165	2	16	656	188	105	38	-45	-180	-152	55	-37	148	37	228	174	556
166	2	16	645	188	104	38	-46	-184	-152	18	-33	148	35	228	174	558
167	2	16	645	188	104	38	-46	-184	-152	98	-21	148	35	228	174	561
168	2	16	742	187	102	37	-48	-192	-148	47	-20	149	32	225	173	564
169	2	16	676	187	102	37	-48	-192	-148	-12	-12	150	31	224	173	566
170	2	16	758	188	102	38	-48	-192	-152	20	-28	151	32	225	173	569
171	2	16	813	189	102	39	-48	-192	-156	35	-41	153	32	226	172	572
172	2	16	789	190	102	40	-48	-192	-160	38	-33	155	32	226	172	574
173	2	16	750	191	101	41	-49	-196	-164	138	-51	155	31	228	172	577
174	2	16	656	193	100	43	-50	-200	-172	172	-58	156	28	230	172	580
175	2	16	664	194	99	44	-51	-200	-176	60	-47	156	26	232	172	583
176	2	0	590	194	98	44	-52	-200	-176	108	-56	156	26	232	170	585
177	2	16	656	194	98	44	-52	-200	-176	-50	-28	157	27	232	170	588
178	2	64	707	198	98	48	-52	-200	-192	-11	-27	157	26	240	170	591
179	2	64	664	200	96	50	-54	-200	-200	652	-347	158	24	242	169	593
180	2	16	688	206	83	56	-67	-200	-200	-122	264	164	10	249	157	596
181	2	16	723	206	80	56	-70	-200	-200	-472	487	166	9	247	151	599
182	2	16	773	203	79	53	-71	-200	-200	-54	86	164	9	243	150	602
183	2	16	723	202	79	52	-71	-200	-200	17	-46	163	9	241	150	604
184	2	16	758	203	78	53	-72	-200	-200	-77	-12	164	7	243	149	607
185	2	16	773	203	81	53	-69	-200	-200	-135	201	164	12	243	151	610
186	2	16	766	202	84	52	-66	-200	-200	-260	340	164	15	241	154	613
187	2	16	742	201	88	51	-62	-200	-200	-257	225	163	17	239	159	615
188	2	16	695	201	90	51	-60	-200	-200	65	76	162	19	240	161	617
189	2	16	676	199	92	49	-58	-200	-196	-123	151	161	21	238	164	620
190	2	16	590	197	95	47	-55	-200	-188	-208	387	159	23	236	167	623
191	2	16	844	196	102	46	-48	-192	-184	-265	421	159	34	233	170	625
192	2	16	734	193	107	43	-43	-172	-172	-191	240	157	40	230	174	628
193	2	16	820	192	112	42	-38	-152	-168	-224	282	156	47	228	178	631
194	2	16	723	191	118	41	-32	-128	-164	-197	330	154	54	229	183	634
195	2	16	766	188	122	38	-28	-112	-152	-263	336	151	57	226	187	636
196	2	16	715	186	126	36	-24	-96	-144	-130	298	149	60	223	193	639
197	2	16	688	183	131	33	-19	-76	-132	-138	187	147	63	220	199	642
198	2	16	742	183	135	33	-15	-60	-132	-217	310	146	69	220	201	645
199	2	16	695	180	138	30	-12	-48	-120	-259	331	142	71	219	205	647
200	2	16	742	176	142	26	-8	-32	-104	-191	328	139	78	214	206	650
201	2	16	695	175	146	25	-4	-16	-100	-183	277	137	82	214	210	653
202	2	16	742	174	150	24	0	0	-96	-244	271	136	86	213	214	655
203	2	16	742	174	150	24	0	0	-96	-267	325	136	86	213	214	658
204	2	16	707	169	158	19	8	32	-76	-302	395	132	91	207	225	661
205	2	16	613	168	161	18	11	44	-72	-104	147	131	93	206	229	664
206	2	16	742	166	164	16	14	56	-64	-116	138	130	97	203	231	666
207	2	16	855	163	166	13	16	64	-52	-231	213	128	99	199	234	669
208	2	16	840	162	169	12	19	76	-48	-276	291	126	102	199	237	672
209	2	16	820	159	174	9	24	96	-36	-276	311	124	109	195	239	675
210	2	16	789	157	178	7	28	112	-28	-331	298	120	113	195	244	677
211	2	16	742	155	182	5	32	128	-20	-293	254	118	116	192	248	680
212	2	16	734	152	185	2	35	140	-8	-170	201	115	118	189	252	683
213	2	16	676	150	187	0	37	148	0	-213	168	114	119	186	255	686
214	2	16	750	147	191	-3	41	164	12	-279	333	111	124	183	258	689
215	2	16	813	143	194	-7	44	176	28	-351	316	108	129	179	260	691
216	2	16	832	141	198	-9	48	192	36	-155	173	105	132	177	264	694
217	2	16	805	139	202	-11	52	200	44	-253	242	103	136	175	268	697
218	2	16	813	136	205	-14	55	200	56	-191	232	101	141	172	270	699
219	2	16	707	134	208	-16	58	200	64	-304	290	99	143	170	273	702
220	2	16	707	134	208	-16	58	200	64	-239	276	99	143	170	273	705
221	2	16	707	130	214	-20	64	200	80	-237	197	94	148	167	280	708
222	7	16	785	135	220	-15	70	200	60	-1553	3079	81	148	189	293	711
223	2	16	695	120	237	-30	87	200	120	-342	454	82	178	159	296	713
224	2	16	707	119	242	-31	92	200	124	205	-301	80	185	158	299	716
225	2	16	715	114	244	-36	94	200	144	-83	116	76	188	153	300	719
226	2	16	758	110	247	-40	97	200	160	-340	293	72	194	148	300	722
227	2	16	773	108	248	-42	98	200	168	-88	23	70	196	146	300	725
228	2	16	758	107	248	-43	98	200	172	-52	-100	69	197	145	300	727
229	2	16	758	107	248	-43	98	200	172	19	-80	69	197	145	299	730
230	2	16	766	106	247	-44	97	200	176	-27	-184	68	195	144	299	733
231	2	16	805	106	246	-44	96	200	176	-44	-242	67	193	145	300	736
232	2	16	785	106	244	-44	94	200	176	-66	-266	67	189	145	299	739
233	2	16	773	106	241	-44	91	200	176	-24	-158	67	185	145	298	742
234	2	16	758	106	238	-44	88	200	176	-104	-359	67	180	145	297	745
235	2	16	723	105	234	-45	84	200	180	36	-352	65	173	145	296	748
236	2	16	805	104	230	-46	80	200	184	-58	-287	66	165	143	295	750
237	2	16	742	104	225	-46	75	200	184	-26	-295	66	157	142	293	753
238	2	16	758	104	220	-46	70	200	184	-58	-349	66	149	142	292	756
239	2	16	750	103	215	-47	65	200	188	-130	-361	66	144	140	286	759
240	2	16	766	101	210	-49	60	200	196	62	-337	65	141	138	280	762
241	2	16	813	101	205	-49	55	200	196	15	-284	66	138	137	273	765
242	2	16	773	102	201	-48	51	200	192	181	-304	66	133	139	269	767
243	2	16	688	103	195	-47	45	180	188	29	-271	67	127	140	263	770
244	2	16	688	103	191	-47	41	164	188	44	-276	67	123	140	260	773
245	2	16	695	104	186	-46	36	144	184	15	-382	67	118	141	255	776
246	2	16	750	105	182	-45	32	128	180	92	-369	68	114	142	251	779
247	2	16	820	104	179	-46	29	116	184	27	-361	67	113	141	245	782
248	2	16	750	104	174	-46	24	96	184	117	-278	67	110	142	239	785
249	2	16	820	106	169	-44	19	76	176	239	-259	68	104	144	235	787
250	2	16	789	108	165	-42	15	60	168	-24	-269	70	100	146	230	790
251	2	16	785	110	161	-40	11	44	160	57	-197	71	96	150	227	793
252	2	16	797	110	158	-40	8	32	160	126	-256	71	92	149	224	796
253	2	16	723	111	153	-39	3	12	156	260	-332	72	87	150	220	799
254	2	16	656	117	149	-33	-1	-4	132	162	-277	75	83	159	216	802
255	2	16	676	116	146	-34	-4	-16	136	20	-208	76	82	157	210	805
256	2	16	656	116	142	-34	-8	-32	136	83	-213	76	79	156	205	808
257	2	16	688	117	137	-33	-13	-52	132	113	-292	77	73	157	202	810
258	2	16	602	118	134	-32	-16	-64	128	114	-318	78	69	158	199	813
259	2	16	602	118	129	-32	-21	-84	128	79	-202	79	63	157	196	816
260	2	16	664	119	126	-31	-24	-96	124	190	-169	81	58	157	194	819
261	2	16	633	119	124	-31	-26	-104	124	148	-292	82	55	156	193	822
262	2	16	707	120	120	-30	-30	-120	120	199	-215	84	51	156	190	825
263	2	16	625	124	119	-26	-31	-124	104	54	-144	87	51	162	188	827
264	2	16	695	125	118	-25	-32	-128	100	43	-242	88	52	162	184	830
265	2	16	750	126	114	-24	-36	-144	96	48	-259	88	51	164	178	833
266	2	16	695	126	101	-24	-49	-196	96	-298	-1074	88	35	165	167	836
267	2	16	785	126	88	-24	-62	-200	96	178	3	87	20	166	157	838
268	2	16	750	128	85	-22	-65	-200	88	154	112	87	16	169	155	841
269	2	16	750	127	82	-23	-68	-200	92	114	-180	87	13	168	152	844
270	2	16	758	126	79	-24	-71	-200	96	23	-262	87	10	166	149	847
271	2	16	766	126	76	-24	-74	-200	96	-16	-145	87	7	165	145	849
272	2	16	797	125	75	-25	-75	-200	100	168	-22	87	6	163	144	852
273	2	16	789	125	73	-25	-77	-200	100	307	-22	88	3	163	144	855
274	2	16	813	128	72	-22	-78	-200	88	129	35	91	2	166	143	857
275	2	16	758	132	72	-18	-78	-200	72	191	36	95	2	169	143	860
276	2	16	676	135	71	-15	-79	-200	60	255	32	98	1	173	142	863
277	2	16	723	137	74	-13	-76	-200	52	147	83	100	3	175	145	866
278	2	16	820	138	78	-12	-72	-200	48	169	75	102	9	175	147	868
279	2	16	797	140	81	-10	-69	-200	40	255	129	104	14	176	149	871
280	2	16	805	140	83	-10	-67	-200	40	340	117	105	16	176	151	874
281	2	16	676	144	86	-6	-64	-200	24	205	92	108	19	181	153	876
282	2	16	645	148	88	-2	-62	-200	8	129	120	111	20	185	156	879
283	2	16	688	150	89	0	-61	-200	0	246	143	113	21	188	158	882
284	2	16	707	155	92	5	-58	-200	-20	248	132	117	24	193	161	885
285	2	16	789	157	95	7	-55	-200	-28	206	114	119	29	196	162	887
286	2	16	820	159	98	9	-52	-200	-36	153	144	121	32	197	165	890
287	2	16	766	162	99	12	-51	-200	-48	196	134	124	31	201	167	893
288	2	16	766	166	102	16	-48	-192	-64	148	161	127	35	206	170	895
289	2	64	645	169	104	19	-46	-184	-76	261	182	128	37	211	172	898
290	2	16	734	171	105	21	-45	-180	-84	208	149	131	38	212	173	901
291	2	16	750	170	107	20	-43	-172	-80	190	158	131	40	209	175	904
292	2	16	785	170	111	20	-39	-156	-80	168	207	133	46	208	177	907
293	2	16	789	171	114	21	-36	-144	-84	196	143	135	50	207	179	909
294	2	16	773	171	116	21	-34	-136	-84	88	147	135	52	207	181	912
295	2	16	758	173	119	23	-31	-124	-92	138	124	136	54	210	184	915
296	2	16	723	176	120	26	-30	-120	-104	243	139	138	54	215	186	917
297	2	16	785	179	122	29	-28	-112	-116	95	183	139	56	219	189	920
298	2	16	734	178	124	28	-26	-104	-112	137	148	140	57	216	192	923
299	2	64	613	181	125	31	-25	-100	-124	256	200	141	55	222	195	925
300	2	16	613	184	128	34	-22	-88	-136	98	165	145	58	224	199	928
301	2	16	664	187	132	37	-18	-72	-148	77	102	147	63	227	202	931
302	2	16	656	187	135	37	-15	-60	-148	18	127	148	68	226	202	934
303	2	16	664	187	138	37	-12	-48	-148	114	194	148	71	226	205	936
304	2	16	805	187	138	37	-12	-48	-148	73	124	150	72	225	205	939
305	2	16	840	187	140	37	-10	-40	-148	91	143	151	74	224	206	942
306	2	16	805	189	142	39	-8	-32	-156	121	208	152	79	226	206	945
307	2	16	785	191	145	41	-5	-20	-164	189	155	154	82	228	209	947
308	2	16	723	193	149	43	-1	-4	-172	110	121	156	86	230	212	950
309	2	64	723	199	150	49	0	0	-196	657	323	159	84	240	216	953
310	2	16	656	208	153	58	3	12	-200	160	158	168	85	249	222	956
311	2	16	758	212	156	62	6	24	-200	-194	21	173	86	252	226	958
312	2	16	750	213	157	63	7	28	-200	-15	58	174	87	252	228	961
313	2	16	742	211	160	61	10	40	-200	137	154	174	90	249	231	964
314	2	64	645	212	160	62	10	40	-200	100	164	174	88	251	232	967
315	2	16	676	213	165	63	15	60	-200	-88	74	176	96	250	234	969
316	2	16	602	214	167	64	17	68	-200	-119	96	176	100	253	235	972
317	2	16	656	215	170	65	20	80	-200	-38	130	176	103	254	237	975
318	2	16	750	212	171	62	21	84	-200	-132	89	174	105	251	238	978
319	2	16	723	212	172	62	22	88	-200	-85	107	173	105	251	240	981
320	2	16	742	209	173	59	23	92	-200	-206	105	170	107	248	239	983
321	2	16	742	206	173	56	23	92	-200	-316	139	167	109	245	238	986
322	2	16	785	203	175	53	25	100	-200	-166	97	165	111	241	240	989
323	7	64	625	214	166	64	16	64	-200	-126	41	163	97	265	235	992
324	2	16	766	199	180	49	30	120	-196	-253	86	162	111	236	250	995
325	2	16	758	196	179	46	29	116	-184	-244	82	159	112	234	247	997
326	2	16	715	194	179	44	29	116	-176	-239	80	157	113	232	246	1000
327	2	16	766	192	180	42	30	120	-168	-271	85	155	113	230	247	1003
328	2	16	750	190	181	40	31	124	-160	-161	66	152	114	228	248	1005
329	2	16	766	187	183	37	33	132	-148	-466	98	150	117	225	249	1007
330	2	16	633	185	183	35	33	132	-140	-188	49	147	115	224	251	1010
331	2	16	789	182	185	32	35	140	-128	-296	43	145	118	220	252	1013
332	2	16	813	178	185	28	35	140	-112	-264	53	142	118	214	252	1016
333	2	16	742	176	184	26	34	136	-104	-208	42	139	118	213	251	1018
334	2	16	773	174	185	24	35	140	-96	-250	44	137	118	211	252	1021
335	2	16	773	171	185	21	35	140	-84	-242	25	135	119	208	252	1024
336	2	16	742	169	186	19	36	144	-76	-311	37	133	118	206	254	1027
337	2	16	758	166	186	16	36	144	-64	-262	36	130	119	203	254	1029
338	2	16	715	163	186	13	36	144	-52	-271	24	126	119	200	254	1032
339	2	16	805	160	187	10	37	148	-40	-332	44	123	121	197	254	1035
340	2	16	789	158	188	8	38	152	-32	-128	4	121	122	196	255	1038
341	2	16	773	156	188	6	38	152	-24	-234	3	119	122	193	255	1040
342	2	16	785	153	189	3	39	156	-12	-304	12	117	123	189	256	1043
343	2	16	742	150	188	0	38	152	0	-148	0	115	120	186	257	1046
344	2	16	766	146	188	-4	38	152	16	-255	11	112	119	181	257	1049
345	2	16	723	146	189	-4	39	156	16	-191	14	110	121	182	257	1052
346	2	16	723	144	189	-6	39	156	24	-200	-1	107	121	182	257	1055
347	2	16	785	140	189	-10	39	156	40	-292	21	104	123	177	256	1057
348	2	16	797	137	190	-13	40	160	52	-179	34	101	125	173	256	1060
349	2	16	645	136	190	-14	40	160	56	-63	17	100	123	173	257	1063
350	2	16	715	134	190	-16	40	160	64	-95	13	98	122	171	259	1066
351	2	64	656	136	188	-14	38	152	56	-243	17	96	118	176	259	1069
352	2	16	695	133	189	-17	39	156	68	-188	10	94	119	172	259	1072
353	2	16	805	129	191	-21	41	164	84	-554	240	91	122	167	260	1074
354	2	16	750	117	201	-33	51	200	132	-306	78	80	134	155	268	1077
355	2	16	758	112	205	-38	55	200	152	305	-301	75	139	149	271	1080
356	2	16	785	111	205	-39	55	200	156	93	-113	73	141	149	270	1083
357	2	16	844	108	206	-42	56	200	168	-302	42	70	143	146	270	1086
358	2	16	844	108	206	-42	56	200	168	-132	-62	70	143	146	270	1089
359	2	16	844	105	204	-45	54	200	180	12	-156	66	139	144	270	1092
360	2	16	820	106	202	-44	52	200	176	47	-195	66	135	146	269	1094
361	2	16	820	107	200	-43	50	200	172	72	-248	68	132	146	268	1097
362	2	16	797	107	196	-43	46	184	172	44	-250	68	129	146	264	1100
363	2	16	773	108	192	-42	42	168	168	13	-244	70	126	147	259	1103
364	2	16	758	108	188	-42	38	152	168	51	-244	70	121	146	255	1106
365	2	16	813	109	184	-41	34	136	164	79	-194	72	118	146	251	1108
366	2	16	832	108	181	-42	31	124	168	60	-254	72	116	145	246	1111
367	2	16	820	109	177	-41	27	108	164	41	-313	72	114	146	241	1114
368	2	16	820	110	173	-40	23	92	160	66	-270	73	110	148	236	1117
369	2	16	758	111	168	-39	18	72	156	109	-252	73	103	150	233	1120
370	2	16	758	111	168	-39	18	72	156	14	-248	73	103	150	233	1123
371	2	16	750	115	159	-35	9	36	140	40	-177	74	91	156	228	1126
372	2	16	707	114	156	-36	6	24	144	135	-198	74	87	154	226	1129
373	2	16	734	114	154	-36	4	16	144	94	-242	75	85	153	223	1132
374	2	16	676	116	152	-34	2	8	136	37	-231	78	84	154	220	1135
375	2	16	676	116	152	-34	2	8	136	176	-310	78	84	154	220	1137
376	2	16	559	120	142	-30	-8	-32	120	238	-259	79	72	161	213	1140
377	2	64	559	121	140	-29	-10	-40	116	94	-175	79	70	164	210	1143
378	2	16	570	122	137	-28	-13	-52	112	163	-248	80	69	164	205	1146
379	2	16	570	124	136	-26	-14	-56	104	137	-228	83	68	165	204	1148
380	2	16	734	125	134	-25	-16	-64	100	186	-211	85	68	166	200	1151
381	2	16	797	125	130	-25	-20	-80	100	110	-206	86	64	165	197	1154
382	2	16	750	126	129	-24	-21	-84	96	112	-201	88	63	165	195	1157
383	2	16	773	126	126	-24	-24	-96	96	112	-153	88	61	164	191	1160
384	2	16	750	126	122	-24	-28	-112	96	157	-200	89	57	164	188	1163
385	2	16	734	129	120	-21	-30	-120	84	100	-170	91	55	167	186	1165
386	12	64	664	138	108	-12	-42	-168	48	75	-216	79	33	197	183	1168
387	2	16	633	130	115	-20	-35	-140	80	40	-190	92	51	169	179	1171
388	2	16	707	130	112	-20	-38	-152	80	229	-121	93	49	168	176	1173
389	2	16	844	131	110	-19	-40	-160	76	196	-263	95	48	167	173	1176
390	2	16	758	133	105	-17	-45	-180	68	117	-243	97	39	169	171	1179
391	2	16	645	134	102	-16	-48	-192	64	134	-235	98	36	171	169	1182
392	2	16	645	136	98	-14	-52	-200	56	231	-204	100	31	172	166	1185
393	2	16	645	136	95	-14	-55	-200	56	-46	-101	100	27	172	164	1187
394	2	16	695	137	92	-13	-58	-200	52	117	-133	101	23	173	162	1190
