ts_ms,alt_cmd,marker,gt_x,gt_y,gt_z,est_x,est_y,est_z,cf2_x,cf2_y,cf2_z,tvec_z
306307329,0.78,E,-2.8279313520928398e-05,-0.0033901071318716658,0.6920178121513827,0.002501100000000006,-0.1206901,0.6653253,6.204326e-05,-5.692521e-05,0.8096534,0.6603253
306307329,0.78,W,-2.8279313520928398e-05,-0.0033901071318716658,0.6920178121513827,0.0823977,-0.1208673,0.6661909,6.204326e-05,-5.692521e-05,0.8096534,0.6611909
306307329,0.78,S,-2.8279313520928398e-05,-0.0033901071318716658,0.6920178121513827,0.002161361,-0.28053808,0.6650957,6.204326e-05,-5.692521e-05,0.8096534,0.6600957
306307329,0.78,N,-2.8279313520928398e-05,-0.0033901071318716658,0.6920178121513827,0.002428863,0.3596519,0.6676476,6.204326e-05,-5.692521e-05,0.8096534,0.6626476
306307440,0.78,E,-7.666926936679773e-05,-0.0034469924129685663,0.6925313114351179,0.0022360000000000158,-0.1203997,0.6664149,5.367132e-05,-7.954146e-05,0.8086197,0.6614149
306307440,0.78,W,-7.666926936679773e-05,-0.0034469924129685663,0.6925313114351179,0.0825019,-0.1208966,0.6667943,5.367132e-05,-7.954146e-05,0.8086197,0.6617943
306307440,0.78,S,-7.666926936679773e-05,-0.0034469924129685663,0.6925313114351179,0.002232299,-0.28041533,0.6662597,5.367132e-05,-7.954146e-05,0.8086197,0.6612597
306307440,0.78,N,-7.666926936679773e-05,-0.0034469924129685663,0.6925313114351179,0.002546149,0.3592883,0.6661922,5.367132e-05,-7.954146e-05,0.8086197,0.6611922
306307549,0.78,W,-0.00011666637968301708,-0.003506366580687272,0.6930715220361434,0.0831415,-0.1211552,0.6689805,5.850653e-05,-0.0001102604,0.8076838,0.6639805
306307549,0.78,E,-0.00011666637968301708,-0.003506366580687272,0.6930715220361434,0.0021646000000000165,-0.1202594,0.6673253,5.850653e-05,-0.0001102604,0.8076838,0.6623253
306307549,0.78,S,-0.00011666637968301708,-0.003506366580687272,0.6930715220361434,0.002315018,-0.28038192,0.6657254,5.850653e-05,-0.0001102604,0.8076838,0.6607254
306307549,0.78,N,-0.00011666637968301708,-0.003506366580687272,0.6930715220361434,0.002599497,0.35939980000000005,0.6671944,5.850653e-05,-0.0001102604,0.8076838,0.6621944
306307654,0.78,E,-0.0001480323487618448,-0.0035576941589189497,0.6935831688767036,0.0025753000000000026,-0.1204421,0.6685989,7.831834e-05,-0.0001453544,0.8067225,0.6635989
306307654,0.78,W,-0.0001480323487618448,-0.0035576941589189497,0.6935831688767036,0.0831377,-0.1208234,0.6688197,7.831834e-05,-0.0001453544,0.8067225,0.6638197
306307654,0.78,S,-0.0001480323487618448,-0.0035576941589189497,0.6935831688767036,0.002404288,-0.28042023,0.6658479,7.831834e-05,-0.0001453544,0.8067225,0.6608479
306307654,0.78,N,-0.0001480323487618448,-0.0035576941589189497,0.6935831688767036,0.002737012,0.35934750000000004,0.6676326,7.831834e-05,-0.0001453544,0.8067225,0.6626326
306307764,0.78,E,-0.0001821119788961836,-0.0036075740298615127,0.6941659553720836,0.002529699999999996,-0.1207067,0.6697043,0.0001021968,-0.0001718491,0.8059678,0.6647043
306307764,0.78,W,-0.0001821119788961836,-0.0036075740298615127,0.6941659553720836,0.0831631,-0.1209964,0.6697643,0.0001021968,-0.0001718491,0.8059678,0.6647643
306307764,0.78,S,-0.0001821119788961836,-0.0036075740298615127,0.6941659553720836,0.002768992,-0.28047786,0.6669777,0.0001021968,-0.0001718491,0.8059678,0.6619777
306307764,0.78,N,-0.0001821119788961836,-0.0036075740298615127,0.6941659553720836,0.002892246,0.3591626,0.6669688,0.0001021968,-0.0001718491,0.8059678,0.6619688
306307873,0.78,E,-0.0002215474897297476,-0.003648159523970219,0.6947863876761727,0.002931199999999995,-0.1205455,0.668466,0.0001337529,-0.0001983473,0.8051006,0.663466
306307873,0.78,W,-0.0002215474897297476,-0.003648159523970219,0.6947863876761727,0.0833244,-0.1210094,0.6701426,0.0001337529,-0.0001983473,0.8051006,0.6651426
306307873,0.78,S,-0.0002215474897297476,-0.003648159523970219,0.6947863876761727,0.002825531,-0.28050113,0.6675914000000001,0.0001337529,-0.0001983473,0.8051006,0.6625914
306307873,0.78,N,-0.0002215474897297476,-0.003648159523970219,0.6947863876761727,0.002894804,0.3593557,0.6687521,0.0001337529,-0.0001983473,0.8051006,0.6637521
306307980,0.78,E,-0.00026712293495485855,-0.003674167791230106,0.6953850183127924,0.00310740000000001,-0.1205704,0.6686412,0.000164114,-0.0002183913,0.8042268,0.6636412
306307980,0.78,W,-0.00026712293495485855,-0.003674167791230106,0.6953850183127924,0.08327059999999999,-0.1210377,0.6700279,0.000164114,-0.0002183913,0.8042268,0.6650279
306307980,0.78,S,-0.00026712293495485855,-0.003674167791230106,0.6953850183127924,0.002831975,-0.28064945,0.6689873,0.000164114,-0.0002183913,0.8042268,0.6639873
306307980,0.78,N,-0.00026712293495485855,-0.003674167791230106,0.6953850183127924,0.002999016,0.3593267,0.6690513,0.000164114,-0.0002183913,0.8042268,0.6640513
306308090,0.78,E,-0.0003262272376064924,-0.0036924211414792766,0.696036539621572,0.0030032000000000114,-0.1205276,0.6694981,0.0001741276,-0.0002243945,0.8038757,0.6644981
306308090,0.78,W,-0.0003262272376064924,-0.0036924211414792766,0.696036539621572,0.08293009999999999,-0.1206648,0.6698545,0.0001741276,-0.0002243945,0.8038757,0.6648545
306308090,0.78,S,-0.0003262272376064924,-0.0036924211414792766,0.696036539621572,0.002749389,-0.28055610000000003,0.6705013,0.0001741276,-0.0002243945,0.8038757,0.6655013
306308090,0.78,N,-0.0003262272376064924,-0.0036924211414792766,0.696036539621572,0.002945186,0.3594454,0.6699907,0.0001741276,-0.0002243945,0.8038757,0.6649907
306308199,0.78,E,-0.0003973775664958824,-0.003707186986854073,0.6967003836935773,0.0028546000000000127,-0.1207148,0.6706185,0.0001907867,-0.0002361004,0.8031383,0.6656185
306308199,0.78,W,-0.0003973775664958824,-0.003707186986854073,0.6967003836935773,0.082717,-0.1204769,0.6698092,0.0001907867,-0.0002361004,0.8031383,0.6648092
306308199,0.78,S,-0.0003973775664958824,-0.003707186986854073,0.6967003836935773,0.002853223,-0.28051649,0.6698932,0.0001907867,-0.0002361004,0.8031383,0.6648932
306308199,0.78,N,-0.0003973775664958824,-0.003707186986854073,0.6967003836935773,0.002826827,0.35957,0.6708373,0.0001907867,-0.0002361004,0.8031383,0.6658373
306308307,0.78,E,-0.00047616427525199145,-0.00372277188648837,0.6973559192243176,0.0030507999999999924,-0.1203319,0.6710952,0.000199716,-0.0002511213,0.8023619,0.6660952
306308307,0.78,W,-0.00047616427525199145,-0.00372277188648837,0.6973559192243176,0.0827692,-0.1206209,0.6709646,0.000199716,-0.0002511213,0.8023619,0.6659646
306308307,0.78,S,-0.00047616427525199145,-0.00372277188648837,0.6973559192243176,0.002725024,-0.28043219,0.6711925,0.000199716,-0.0002511213,0.8023619,0.6661925
306308307,0.78,N,-0.00047616427525199145,-0.00372277188648837,0.6973559192243176,0.002768438,0.3597327,0.6715682000000001,0.000199716,-0.0002511213,0.8023619,0.6665682
306308420,0.78,E,-0.0005753408983568182,-0.003745826202482357,0.6981534446553326,0.0031242999999999965,-0.1200892,0.6712331,0.0002015048,-0.0002712822,0.8016108,0.6662331
306308420,0.78,W,-0.0005753408983568182,-0.003745826202482357,0.6981534446553326,0.0828021,-0.1202953,0.6714523,0.0002015048,-0.0002712822,0.8016108,0.6664523
306308420,0.78,S,-0.0005753408983568182,-0.003745826202482357,0.6981534446553326,0.002595502,-0.28052791,0.6729126,0.0002015048,-0.0002712822,0.8016108,0.6679126
306308420,0.78,N,-0.0005753408983568182,-0.003745826202482357,0.6981534446553326,0.002638664,0.3595994,0.671181,0.0002015048,-0.0002712822,0.8016108,0.666181
306308529,0.78,E,-0.0006788895690709905,-0.0037778169733128516,0.6990064497696226,0.003192200000000006,-0.1199949,0.6713767,0.0001998775,-0.0002978346,0.8008617,0.6663767
306308529,0.78,W,-0.0006788895690709905,-0.0037778169733128516,0.6990064497696226,0.0823398,-0.1198963,0.6707334,0.0001998775,-0.0002978346,0.8008617,0.6657334
306308529,0.78,S,-0.0006788895690709905,-0.0037778169733128516,0.6990064497696226,0.002588825,-0.28022805,0.6731237,0.0001998775,-0.0002978346,0.8008617,0.6681237
306308529,0.78,N,-0.0006788895690709905,-0.0037778169733128516,0.6990064497696226,0.002789817,0.35944750000000003,0.6704825,0.0001998775,-0.0002978346,0.8008617,0.6654825
306308642,0.78,W,-0.0007619268384117075,-0.0038078177313052635,0.6997501539975881,0.0831764,-0.1202449,0.6743785,0.0001995473,-0.0003246992,0.8002327,0.6693785
306308642,0.78,E,-0.0007619268384117075,-0.0038078177313052635,0.6997501539975881,0.002767500000000006,-0.1200912,0.6742402,0.0001995473,-0.0003246992,0.8002327,0.6692402
306308642,0.78,S,-0.0007619268384117075,-0.0038078177313052635,0.6997501539975881,0.003167119,-0.28010665,0.6748866,0.0001995473,-0.0003246992,0.8002327,0.6698866
306308642,0.78,N,-0.0007619268384117075,-0.0038078177313052635,0.6997501539975881,0.003008552,0.3594661,0.6710457,0.0001995473,-0.0003246992,0.8002327,0.6660457
306308747,0.78,E,-0.0008370649839574969,-0.003835817378608658,0.700502180292709,0.0029115000000000113,-0.1199489,0.6753532,0.0002039499,-0.0003516984,0.7995812,0.6703532
306308747,0.78,W,-0.0008370649839574969,-0.003835817378608658,0.700502180292709,0.0830771,-0.1201245,0.6743982000000001,0.0002039499,-0.0003516984,0.7995812,0.6693982
306308747,0.78,S,-0.0008370649839574969,-0.003835817378608658,0.700502180292709,0.003069462,-0.28005035,0.6753016000000001,0.0002039499,-0.0003516984,0.7995812,0.6703016
306308747,0.78,N,-0.0008370649839574969,-0.003835817378608658,0.700502180292709,0.003002329,0.3597952,0.6727114,0.0002039499,-0.0003516984,0.7995812,0.6677114
306308857,0.78,E,-0.0009105574213819004,-0.0038597831006383964,0.7013091999939143,0.0026934000000000125,-0.1200882,0.6771001,0.0002134289,-0.0003748006,0.7989728,0.6721001
306308857,0.78,W,-0.0009105574213819004,-0.0038597831006383964,0.7013091999939143,0.08378799999999999,-0.1203436,0.6774933,0.0002134289,-0.0003748006,0.7989728,0.6724933
306308857,0.78,S,-0.0009105574213819004,-0.0038597831006383964,0.7013091999939143,0.003118654,-0.28009275,0.6764747,0.0002134289,-0.0003748006,0.7989728,0.6714747
306308857,0.78,N,-0.0009105574213819004,-0.0038597831006383964,0.7013091999939143,0.003037671,0.3598983,0.6739258,0.0002134289,-0.0003748006,0.7989728,0.6689258
306308966,0.78,E,-0.0009792161568373935,-0.003875295154926746,0.7020859716276449,0.002661899999999995,-0.1201462,0.6775422,0.0002206643,-0.000386183,0.7986323,0.6725422
306308966,0.78,W,-0.0009792161568373935,-0.003875295154926746,0.7020859716276449,0.08339129999999999,-0.1199471,0.6758555,0.0002206643,-0.000386183,0.7986323,0.6708555
306308966,0.78,S,-0.0009792161568373935,-0.003875295154926746,0.7020859716276449,0.003243496,-0.28016230000000003,0.6772027,0.0002206643,-0.000386183,0.7986323,0.6722027
306308966,0.78,N,-0.0009792161568373935,-0.003875295154926746,0.7020859716276449,0.003122513,0.35989190000000004,0.6743463,0.0002206643,-0.000386183,0.7986323,0.6693463
306309071,0.78,E,-0.0010559299404751669,-0.0038815807770925088,0.7029344054079153,0.0028114999999999946,-0.1198568,0.6772334,0.0002344433,-0.0004018311,0.7980483,0.6722334
306309071,0.78,W,-0.0010559299404751669,-0.0038815807770925088,0.7029344054079153,0.08342999999999999,-0.1200375,0.6770949,0.0002344433,-0.0004018311,0.7980483,0.6720949
306309071,0.78,S,-0.0010559299404751669,-0.0038815807770925088,0.7029344054079153,0.003200676,-0.28022908,0.6777743,0.0002344433,-0.0004018311,0.7980483,0.6727743
306309071,0.78,N,-0.0010559299404751669,-0.0038815807770925088,0.7029344054079153,0.003287345,0.36015790000000003,0.6766103,0.0002344433,-0.0004018311,0.7980483,0.6716103
306309175,0.78,E,-0.0011387272110712427,-0.0038753802184991345,0.7037927476252974,0.0035246999999999917,-0.1194333,0.6762747,0.0002477051,-0.000412548,0.7974444,0.6712747
306309175,0.78,W,-0.0011387272110712427,-0.0038753802184991345,0.7037927476252974,0.08318769999999999,-0.1195463,0.6776043,0.0002477051,-0.000412548,0.7974444,0.6726043
306309175,0.78,S,-0.0011387272110712427,-0.0038753802184991345,0.7037927476252974,0.003169566,-0.27999084,0.6784879,0.0002477051,-0.000412548,0.7974444,0.6734879
306309175,0.78,N,-0.0011387272110712427,-0.0038753802184991345,0.7037927476252974,0.003212368,0.36030870000000004,0.6785459,0.0002477051,-0.000412548,0.7974444,0.6735459
306309293,0.78,E,-0.0012410903195222828,-0.0038585897568619598,0.7047599409384745,0.0034480000000000066,-0.1193357,0.6772729,0.000254464,-0.0004170663,0.796973,0.6722729
306309293,0.78,W,-0.0012410903195222828,-0.0038585897568619598,0.7047599409384745,0.0832027,-0.1195202,0.6780368,0.000254464,-0.0004170663,0.796973,0.6730368
306309293,0.78,S,-0.0012410903195222828,-0.0038585897568619598,0.7047599409384745,0.003097835,-0.27990598,0.6783535,0.000254464,-0.0004170663,0.796973,0.6733535
306309293,0.78,N,-0.0012410903195222828,-0.0038585897568619598,0.7047599409384745,0.003254354,0.3602635,0.6790904,0.000254464,-0.0004170663,0.796973,0.6740904
306309401,0.78,E,-0.0013214199978402732,-0.003844210471489251,0.7054495306058148,0.0030831000000000053,-0.1196346,0.6792,0.0002567543,-0.0004212635,0.7964288,0.6742
306309401,0.78,W,-0.0013214199978402732,-0.003844210471489251,0.7054495306058148,0.08321479999999999,-0.119897,0.6796558,0.0002567543,-0.0004212635,0.7964288,0.6746558
306309401,0.78,S,-0.0013214199978402732,-0.003844210471489251,0.7054495306058148,0.003028775,-0.27962466,0.6784265,0.0002567543,-0.0004212635,0.7964288,0.6734265
306309401,0.78,N,-0.0013214199978402732,-0.003844210471489251,0.7054495306058148,0.003149582,0.3603605,0.6797737,0.0002567543,-0.0004212635,0.7964288,0.6747737
306309505,0.78,E,-0.0014186272602440997,-0.003826426639591036,0.7062066267450429,0.0028680000000000094,-0.1198214,0.6804185,0.0002557142,-0.0004232358,0.7961992,0.6754185
306309505,0.78,W,-0.0014186272602440997,-0.003826426639591036,0.7062066267450429,0.083572,-0.1199699,0.6805743,0.0002557142,-0.0004232358,0.7961992,0.6755743
306309505,0.78,S,-0.0014186272602440997,-0.003826426639591036,0.7062066267450429,0.003056881,-0.2796155,0.6790832,0.0002557142,-0.0004232358,0.7961992,0.6740832
306309505,0.78,N,-0.0014186272602440997,-0.003826426639591036,0.7062066267450429,0.003173664,0.3603099,0.6799963,0.0002557142,-0.0004232358,0.7961992,0.6749963
306309612,0.78,E,-0.0015517406978737157,-0.0038046071215797803,0.7071586004174928,0.002690100000000001,-0.1197832,0.6826134,0.0002485226,-0.0004293519,0.795666,0.6776134
306309612,0.78,W,-0.0015517406978737157,-0.0038046071215797803,0.7071586004174928,0.0831678,-0.1193146,0.6801334,0.0002485226,-0.0004293519,0.795666,0.6751334
306309612,0.78,S,-0.0015517406978737157,-0.0038046071215797803,0.7071586004174928,0.002993663,-0.27953406000000003,0.6820609,0.0002485226,-0.0004293519,0.795666,0.6770609
306309612,0.78,N,-0.0015517406978737157,-0.0038046071215797803,0.7071586004174928,0.003107541,0.36036650000000003,0.6804865,0.0002485226,-0.0004293519,0.795666,0.6754865
306309725,0.78,E,-0.0016956287112018112,-0.0037871079719838862,0.7081426997210547,0.0025572000000000095,-0.1198311,0.6827171,0.0002388378,-0.0004403349,0.7952114,0.6777171
306309725,0.78,W,-0.0016956287112018112,-0.0037871079719838862,0.7081426997210547,0.0832393,-0.1192217,0.6821729,0.0002388378,-0.0004403349,0.7952114,0.6771729
306309725,0.78,S,-0.0016956287112018112,-0.0037871079719838862,0.7081426997210547,0.002874964,-0.27929388,0.6818551,0.0002388378,-0.0004403349,0.7952114,0.6768551
306309725,0.78,N,-0.0016956287112018112,-0.0037871079719838862,0.7081426997210547,0.003028571,0.3606954,0.6817979,0.0002388378,-0.0004403349,0.7952114,0.6767979
306309830,0.78,E,-0.0018376823646973134,-0.0037758301312855558,0.7091068375096663,0.0030565999999999927,-0.1191101,0.6828986,0.0002299746,-0.0004611328,0.7947109,0.6778986
306309830,0.78,W,-0.0018376823646973134,-0.0037758301312855558,0.7091068375096663,0.0828427,-0.1187858,0.6819295,0.0002299746,-0.0004611328,0.7947109,0.6769295
306309830,0.78,S,-0.0018376823646973134,-0.0037758301312855558,0.7091068375096663,0.002935503,-0.27903149,0.6825656,0.0002299746,-0.0004611328,0.7947109,0.6775656
306309830,0.78,N,-0.0018376823646973134,-0.0037758301312855558,0.7091068375096663,0.002981701,0.360645,0.6813959,0.0002299746,-0.0004611328,0.7947109,0.6763959
306309938,0.78,E,-0.0019746365625895154,-0.0037668115505174187,0.7100530396312182,0.0031837000000000115,-0.1189519,0.6830639000000001,0.0002275465,-0.000472661,0.7944996,0.6780639
306309938,0.78,W,-0.0019746365625895154,-0.0037668115505174187,0.7100530396312182,0.0831544,-0.1188301,0.6842431,0.0002275465,-0.000472661,0.7944996,0.6792431
306309938,0.78,S,-0.0019746365625895154,-0.0037668115505174187,0.7100530396312182,0.002958607,-0.27873884000000004,0.6826824,0.0002275465,-0.000472661,0.7944996,0.6776824
306309938,0.78,N,-0.0019746365625895154,-0.0037668115505174187,0.7100530396312182,0.002990496,0.3607925,0.6828295,0.0002275465,-0.000472661,0.7944996,0.6778295
306310045,0.78,E,-0.0021315609267966965,-0.0037533348516087133,0.7111681570386851,0.003266900000000017,-0.1188311,0.6844911,0.0002256708,-0.0004998144,0.7940714,0.6794911
306310045,0.78,W,-0.0021315609267966965,-0.0037533348516087133,0.7111681570386851,0.0827903,-0.1185381,0.6838989,0.0002256708,-0.0004998144,0.7940714,0.6788989
306310045,0.78,S,-0.0021315609267966965,-0.0037533348516087133,0.7111681570386851,0.003019855,-0.27882602,0.6845602,0.0002256708,-0.0004998144,0.7940714,0.6795602
306310045,0.78,N,-0.0021315609267966965,-0.0037533348516087133,0.7111681570386851,0.002899035,0.3607693,0.6829351,0.0002256708,-0.0004998144,0.7940714,0.6779351
306310149,0.78,E,-0.002239692082405283,-0.0037386787462120336,0.7119739629538241,0.003377199999999997,-0.1186541,0.6851486,0.00022891,-0.0005302181,0.7935928,0.6801486
306310149,0.78,W,-0.002239692082405283,-0.0037386787462120336,0.7119739629538241,0.08325880000000001,-0.1185698,0.6854843,0.00022891,-0.0005302181,0.7935928,0.6804843
306310149,0.78,S,-0.002239692082405283,-0.0037386787462120336,0.7119739629538241,0.002984003,-0.27850384,0.6847666,0.00022891,-0.0005302181,0.7935928,0.6797666
306310149,0.78,N,-0.002239692082405283,-0.0037386787462120336,0.7119739629538241,0.002889678,0.3607121,0.6829201,0.00022891,-0.0005302181,0.7935928,0.6779201
306310259,0.78,E,-0.002394766555108838,-0.0037040017636341418,0.7131915108325739,0.0034753000000000145,-0.1183542,0.6857752,0.0002362223,-0.0005513189,0.7931745,0.6807752
306310259,0.78,W,-0.002394766555108838,-0.0037040017636341418,0.7131915108325739,0.08346060000000001,-0.1184791,0.6873236,0.0002362223,-0.0005513189,0.7931745,0.6823236
306310259,0.78,S,-0.002394766555108838,-0.0037040017636341418,0.7131915108325739,0.003116308,-0.27813704,0.686012,0.0002362223,-0.0005513189,0.7931745,0.681012
306310259,0.78,N,-0.002394766555108838,-0.0037040017636341418,0.7131915108325739,0.002947974,0.36079760000000005,0.6838601,0.0002362223,-0.0005513189,0.7931745,0.6788601
306310372,0.78,E,-0.00253146895736482,-0.0036596691328212687,0.7142869342316476,0.002979399999999993,-0.118768,0.6892246,0.0002444118,-0.0005628882,0.7928068,0.6842246
306310372,0.78,W,-0.00253146895736482,-0.0036596691328212687,0.7142869342316476,0.08333529999999999,-0.1185782,0.6888694,0.0002444118,-0.0005628882,0.7928068,0.6838694
306310372,0.78,S,-0.00253146895736482,-0.0036596691328212687,0.7142869342316476,0.00313863,-0.27828333,0.6883608,0.0002444118,-0.0005628882,0.7928068,0.6833608
306310372,0.78,N,-0.00253146895736482,-0.0036596691328212687,0.7142869342316476,0.002879308,0.3611004,0.6859919,0.0002444118,-0.0005628882,0.7928068,0.6809919
306310481,0.78,E,-0.002668126020634207,-0.003609469416708921,0.7153612230224904,0.0027004999999999946,-0.1188121,0.6906507,0.0002483644,-0.0005662452,0.7925941,0.6856507
306310481,0.78,W,-0.002668126020634207,-0.003609469416708921,0.7153612230224904,0.08349250000000001,-0.1184326,0.689901,0.0002483644,-0.0005662452,0.7925941,0.684901
306310481,0.78,S,-0.002668126020634207,-0.003609469416708921,0.7153612230224904,0.003178155,-0.27841524,0.6905125,0.0002483644,-0.0005662452,0.7925941,0.6855125
306310481,0.78,N,-0.002668126020634207,-0.003609469416708921,0.7153612230224904,0.002877322,0.3613993,0.6879073,0.0002483644,-0.0005662452,0.7925941,0.6829073
306310591,0.78,E,-0.002811763469458715,-0.0035568908102141584,0.7164495303098923,0.0027591000000000143,-0.1185558,0.6907932,0.0002517918,-0.0005687324,0.7921794,0.6857932
306310591,0.78,W,-0.002811763469458715,-0.0035568908102141584,0.7164495303098923,0.0829071,-0.1181964,0.6893768,0.0002517918,-0.0005687324,0.7921794,0.6843768
306310591,0.78,S,-0.002811763469458715,-0.0035568908102141584,0.7164495303098923,0.003120861,-0.27833156000000003,0.6902963,0.0002517918,-0.0005687324,0.7921794,0.6852963
306310591,0.78,N,-0.002811763469458715,-0.0035568908102141584,0.7164495303098923,0.002732088,0.36193410000000004,0.6903354,0.0002517918,-0.0005687324,0.7921794,0.6853354
306310703,0.78,E,-0.002968089860563291,-0.00350364119139108,0.7176103871529899,0.002875600000000006,-0.117955,0.6914094,0.0002494657,-0.0005692988,0.7918259,0.6864094
306310703,0.78,W,-0.002968089860563291,-0.00350364119139108,0.7176103871529899,0.0825992,-0.1180281,0.6906056,0.0002494657,-0.0005692988,0.7918259,0.6856056
306310703,0.78,S,-0.002968089860563291,-0.00350364119139108,0.7176103871529899,0.002661807,-0.27805672000000003,0.6913682,0.0002494657,-0.0005692988,0.7918259,0.6863682
306310703,0.78,N,-0.002968089860563291,-0.00350364119139108,0.7176103871529899,0.002590054,0.3621956,0.6915685,0.0002494657,-0.0005692988,0.7918259,0.6865685
306310809,0.78,E,-0.003126004213363648,-0.0034527327723167115,0.7187914150763105,0.0026720000000000077,-0.1181345,0.6928782,0.0002433788,-0.000570611,0.7914255,0.6878782
306310809,0.78,W,-0.003126004213363648,-0.0034527327723167115,0.7187914150763105,0.08258529999999999,-0.1175536,0.6919226,0.0002433788,-0.000570611,0.7914255,0.6869226
306310809,0.78,S,-0.003126004213363648,-0.0034527327723167115,0.7187914150763105,0.002528353,-0.27776999,0.691569,0.0002433788,-0.000570611,0.7914255,0.686569
306310809,0.78,N,-0.003126004213363648,-0.0034527327723167115,0.7187914150763105,0.002520329,0.36222600000000005,0.6927605,0.0002433788,-0.000570611,0.7914255,0.6877605
306310916,0.78,E,-0.00328216223671595,-0.0034048159941437012,0.7199947724188558,0.002983399999999997,-0.1176327,0.6920836,0.0002402579,-0.0005714284,0.7912576,0.6870836
306310916,0.78,W,-0.00328216223671595,-0.0034048159941437012,0.7199947724188558,0.08253300000000001,-0.1172478,0.6918889,0.0002402579,-0.0005714284,0.7912576,0.6868889
306310916,0.78,S,-0.00328216223671595,-0.0034048159941437012,0.7199947724188558,0.002584477,-0.27778119,0.6933158,0.0002402579,-0.0005714284,0.7912576,0.6883158
306310916,0.78,N,-0.00328216223671595,-0.0034048159941437012,0.7199947724188558,0.002524977,0.3625879,0.6947463,0.0002402579,-0.0005714284,0.7912576,0.6897463
306311024,0.78,E,-0.0034267474754823978,-0.003362767884735992,0.7211718580154729,0.0031875000000000098,-0.117477,0.6936129,0.0002348939,-0.0005735396,0.7909352,0.6886129
306311024,0.78,W,-0.0034267474754823978,-0.003362767884735992,0.7211718580154729,0.0832481,-0.1175435,0.6968698,0.0002348939,-0.0005735396,0.7909352,0.6918698
306311024,0.78,S,-0.0034267474754823978,-0.003362767884735992,0.7211718580154729,0.002535816,-0.27731826000000004,0.6941601000000001,0.0002348939,-0.0005735396,0.7909352,0.6891601
306311024,0.78,N,-0.0034267474754823978,-0.003362767884735992,0.7211718580154729,0.00238908,0.362764,0.6958271,0.0002348939,-0.0005735396,0.7909352,0.6908271
306311135,0.78,E,-0.0035439264025700166,-0.003327875410649207,0.722201256305644,0.002630300000000002,-0.1175632,0.6959546,0.000233212,-0.0005764137,0.7905808,0.6909546
306311135,0.78,W,-0.0035439264025700166,-0.003327875410649207,0.722201256305644,0.08332269999999999,-0.1174313,0.6976038,0.000233212,-0.0005764137,0.7905808,0.6926038
306311135,0.78,S,-0.0035439264025700166,-0.003327875410649207,0.722201256305644,0.002758489,-0.27712033,0.6944681,0.000233212,-0.0005764137,0.7905808,0.6894681
306311135,0.78,N,-0.0035439264025700166,-0.003327875410649207,0.722201256305644,0.002519343,0.3627014,0.6956636,0.000233212,-0.0005764137,0.7905808,0.6906636
306311241,0.78,E,-0.003671211778103304,-0.0032847080484348107,0.7234308538814148,0.0031547000000000103,-0.1174145,0.6962956,0.000238085,-0.000577466,0.7902666,0.6912956
306311241,0.78,W,-0.003671211778103304,-0.0032847080484348107,0.7234308538814148,0.08264429999999999,-0.1168806,0.6958378,0.000238085,-0.000577466,0.7902666,0.6908378
306311241,0.78,S,-0.003671211778103304,-0.0032847080484348107,0.7234308538814148,0.002762966,-0.27716069,0.6973917000000001,0.000238085,-0.000577466,0.7902666,0.6923917
306311241,0.78,N,-0.003671211778103304,-0.0032847080484348107,0.7234308538814148,0.002549561,0.3630871,0.6977757,0.000238085,-0.000577466,0.7902666,0.6927757
306311351,0.78,E,-0.0037784963708753275,-0.0032416129362168714,0.72455255316473,0.0033069000000000015,-0.1168567,0.6961229,0.0002505944,-0.0005741587,0.7899413,0.6911229
306311351,0.78,W,-0.0037784963708753275,-0.0032416129362168714,0.72455255316473,0.0826099,-0.11689,0.6981445000000001,0.0002505944,-0.0005741587,0.7899413,0.6931445
306311351,0.78,S,-0.0037784963708753275,-0.0032416129362168714,0.72455255316473,0.002825046,-0.27697976,0.6984083,0.0002505944,-0.0005741587,0.7899413,0.6934083
306311351,0.78,N,-0.0037784963708753275,-0.0032416129362168714,0.72455255316473,0.002484841,0.36297840000000003,0.6983785,0.0002505944,-0.0005741587,0.7899413,0.6933785
306311459,0.78,E,-0.003890657037714833,-0.00318774105874191,0.7257873006739868,0.0029903000000000013,-0.1171186,0.697942,0.00026634,-0.0005656779,0.7896571,0.692942
306311459,0.78,W,-0.003890657037714833,-0.00318774105874191,0.7257873006739868,0.0828302,-0.1169437,0.700551,0.00026634,-0.0005656779,0.7896571,0.695551
306311459,0.78,S,-0.003890657037714833,-0.00318774105874191,0.7257873006739868,0.002792982,-0.27697234000000004,0.6995887,0.00026634,-0.0005656779,0.7896571,0.6945887
306311459,0.78,N,-0.003890657037714833,-0.00318774105874191,0.7257873006739868,0.002380562,0.3630876,0.6989718,0.00026634,-0.0005656779,0.7896571,0.6939718
306311569,0.78,E,-0.003996355891361354,-0.003130861558938116,0.7269575827903981,0.0026694999999999913,-0.1170203,0.6998326,0.0002750047,-0.0005584662,0.7895084,0.6948326
306311569,0.78,W,-0.003996355891361354,-0.003130861558938116,0.7269575827903981,0.083074,-0.1172833,0.701023,0.0002750047,-0.0005584662,0.7895084,0.696023
306311569,0.78,S,-0.003996355891361354,-0.003130861558938116,0.7269575827903981,0.002820041,-0.27681107,0.6996616,0.0002750047,-0.0005584662,0.7895084,0.6946616
306311569,0.78,N,-0.003996355891361354,-0.003130861558938116,0.7269575827903981,0.002389856,0.3631186,0.6996021,0.0002750047,-0.0005584662,0.7895084,0.6946021
306311678,0.78,E,-0.004113110514415852,-0.00306721855291595,0.7282215975090766,0.0023596999999999924,-0.1168945,0.702009,0.0002882043,-0.0005415183,0.7892387,0.697009
306311678,0.78,W,-0.004113110514415852,-0.00306721855291595,0.7282215975090766,0.08293640000000001,-0.117084,0.702897,0.0002882043,-0.0005415183,0.7892387,0.697897
306311678,0.78,S,-0.004113110514415852,-0.00306721855291595,0.7282215975090766,0.002459045,-0.27672775,0.7018632,0.0002882043,-0.0005415183,0.7892387,0.6968632
306311678,0.78,N,-0.004113110514415852,-0.00306721855291595,0.7282215975090766,0.002047475,0.3629072,0.7009997,0.0002882043,-0.0005415183,0.7892387,0.6959997
306311785,0.78,E,-0.004235739229170452,-0.0030061715001412307,0.7294874402194224,0.0024358000000000157,-0.1168522,0.7030772,0.0002963799,-0.0005228652,0.7889698,0.6980772
306311785,0.78,W,-0.004235739229170452,-0.0030061715001412307,0.7294874402194224,0.08271930000000001,-0.1168271,0.7037606,0.0002963799,-0.0005228652,0.7889698,0.6987606
306311785,0.78,S,-0.004235739229170452,-0.0030061715001412307,0.7294874402194224,0.002345874,-0.27684758,0.7042444,0.0002963799,-0.0005228652,0.7889698,0.6992444
306311785,0.78,N,-0.004235739229170452,-0.0030061715001412307,0.7294874402194224,0.001853044,0.36325470000000004,0.7032881,0.0002963799,-0.0005228652,0.7889698,0.6982881
306311892,0.78,E,-0.004358978655570621,-0.0029530718578225775,0.7307046477215676,0.002198300000000014,-0.1170612,0.7049335,0.0002987151,-0.0005064692,0.7887161,0.6999335
306311892,0.78,W,-0.004358978655570621,-0.0029530718578225775,0.7307046477215676,0.08240950000000001,-0.1163259,0.7039532000000001,0.0002987151,-0.0005064692,0.7887161,0.6989532
306311892,0.78,S,-0.004358978655570621,-0.0029530718578225775,0.7307046477215676,0.002111806,-0.27685833000000004,0.7047269,0.0002987151,-0.0005064692,0.7887161,0.6997269
306311892,0.78,N,-0.004358978655570621,-0.0029530718578225775,0.7307046477215676,0.001864801,0.3632631,0.7039131,0.0002987151,-0.0005064692,0.7887161,0.6989131
306311997,0.78,E,-0.00449498414985558,-0.002903633344691978,0.7320381145383155,0.002269099999999996,-0.1166322,0.7055221,0.0002978965,-0.0004944334,0.7884719,0.7005221
306311997,0.78,W,-0.00449498414985558,-0.002903633344691978,0.7320381145383155,0.0822355,-0.1159569,0.70599,0.0002978965,-0.0004944334,0.7884719,0.70099
306311997,0.78,S,-0.00449498414985558,-0.002903633344691978,0.7320381145383155,0.002002735,-0.27647948,0.7060082,0.0002978965,-0.0004944334,0.7884719,0.7010082
306311997,0.78,N,-0.00449498414985558,-0.002903633344691978,0.7320381145383155,0.001773601,0.3636267,0.705089,0.0002978965,-0.0004944334,0.7884719,0.700089
306312106,0.78,E,-0.004629685605967994,-0.002865350479506105,0.7333896801222809,0.0021235000000000004,-0.1163824,0.7079154,0.0002977044,-0.0004903116,0.7883473,0.7029154
306312106,0.78,W,-0.004629685605967994,-0.002865350479506105,0.7333896801222809,0.0823279,-0.1161417,0.7077819,0.0002977044,-0.0004903116,0.7883473,0.7027819
306312106,0.78,S,-0.004629685605967994,-0.002865350479506105,0.7333896801222809,0.001882723,-0.27648946,0.7078556,0.0002977044,-0.0004903116,0.7883473,0.7028556
306312106,0.78,N,-0.004629685605967994,-0.002865350479506105,0.7333896801222809,0.001670638,0.36409650000000005,0.7071641,0.0002977044,-0.0004903116,0.7883473,0.7021641
306312217,0.78,E,-0.00474974645232394,-0.0028394296677033085,0.7346568813509959,0.002282100000000009,-0.1163124,0.7081378,0.0002996363,-0.0004861887,0.7880868,0.7031378
306312217,0.78,W,-0.00474974645232394,-0.0028394296677033085,0.7346568813509959,0.0823481,-0.1162159,0.7085369,0.0002996363,-0.0004861887,0.7880868,0.7035369
306312217,0.78,S,-0.00474974645232394,-0.0028394296677033085,0.7346568813509959,0.001958513,-0.27613688000000003,0.7077004,0.0002996363,-0.0004861887,0.7880868,0.7027004
306312217,0.78,N,-0.00474974645232394,-0.0028394296677033085,0.7346568813509959,0.00155315,0.3642015,0.7081164,0.0002996363,-0.0004861887,0.7880868,0.7031164
306312327,0.78,E,-0.004873907796914624,-0.0028170652848101543,0.7360618346483413,0.002125099999999991,-0.1161065,0.7101391,0.0003071293,-0.0004866457,0.7878371,0.7051391
306312327,0.78,W,-0.004873907796914624,-0.0028170652848101543,0.7360618346483413,0.08279950000000001,-0.1160994,0.7117423,0.0003071293,-0.0004866457,0.7878371,0.7067423
306312327,0.78,S,-0.004873907796914624,-0.0028170652848101543,0.7360618346483413,0.00219258,-0.27590076,0.7089845,0.0003071293,-0.0004866457,0.7878371,0.7039845
306312327,0.78,N,-0.004873907796914624,-0.0028170652848101543,0.7360618346483413,0.001589398,0.3643327,0.7096183,0.0003071293,-0.0004866457,0.7878371,0.7046183
306312431,0.78,E,-0.004981864096712034,-0.002799905566360209,0.7374126145586464,0.0019829000000000097,-0.1161499,0.7113282,0.0003181532,-0.0004880834,0.7876445,0.7063282
306312431,0.78,W,-0.004981864096712034,-0.002799905566360209,0.7374126145586464,0.08261129999999998,-0.1159541,0.7121364,0.0003181532,-0.0004880834,0.7876445,0.7071364
306312431,0.78,S,-0.004981864096712034,-0.002799905566360209,0.7374126145586464,0.001874202,-0.27563425,0.7113035,0.0003181532,-0.0004880834,0.7876445,0.7063035
306312431,0.78,N,-0.004981864096712034,-0.002799905566360209,0.7374126145586464,0.001607111,0.3645607,0.7114868,0.0003181532,-0.0004880834,0.7876445,0.7064868
306312539,0.78,E,-0.005074329558788932,-0.002784241036538512,0.7387082804201641,0.0018600000000000005,-0.1162566,0.7135371,0.0003383255,-0.0004889025,0.7874157,0.7085371
306312539,0.78,W,-0.005074329558788932,-0.002784241036538512,0.7387082804201641,0.08254940000000001,-0.1160083,0.7136261,0.0003383255,-0.0004889025,0.7874157,0.7086261
306312539,0.78,S,-0.005074329558788932,-0.002784241036538512,0.7387082804201641,0.001730059,-0.27549625,0.7111675,0.0003383255,-0.0004889025,0.7874157,0.7061675
306312539,0.78,N,-0.005074329558788932,-0.002784241036538512,0.7387082804201641,0.001714101,0.3649119,0.714168,0.0003383255,-0.0004889025,0.7874157,0.709168
306312644,0.78,E,-0.005174774987663036,-0.002761856648429398,0.7402414468795678,0.001818100000000017,-0.1162764,0.7151807,0.0003622087,-0.000484997,0.7872139,0.7101807
306312644,0.78,W,-0.005174774987663036,-0.002761856648429398,0.7402414468795678,0.0827441,-0.1156933,0.7159999,0.0003622087,-0.000484997,0.7872139,0.7109999
306312644,0.78,S,-0.005174774987663036,-0.002761856648429398,0.7402414468795678,0.002039268,-0.27549987,0.7135191,0.0003622087,-0.000484997,0.7872139,0.7085191
306312644,0.78,N,-0.005174774987663036,-0.002761856648429398,0.7402414468795678,0.001841333,0.36415640000000005,0.713558,0.0003622087,-0.000484997,0.7872139,0.708558
306312753,0.78,E,-0.0052664677269257795,-0.002734196401742345,0.7416830422607121,0.001496300000000006,-0.1164072,0.7184116,0.0003763473,-0.0004800947,0.7871132,0.7134116
306312753,0.78,W,-0.0052664677269257795,-0.002734196401742345,0.7416830422607121,0.0823965,-0.1154045,0.7152773,0.0003763473,-0.0004800947,0.7871132,0.7102773
306312753,0.78,S,-0.0052664677269257795,-0.002734196401742345,0.7416830422607121,0.002219453,-0.27536933,0.7131004,0.0003763473,-0.0004800947,0.7871132,0.7081004
306312753,0.78,N,-0.0052664677269257795,-0.002734196401742345,0.7416830422607121,0.00186889,0.3642569,0.7151373,0.0003763473,-0.0004800947,0.7871132,0.7101373
306312860,0.78,E,-0.005367984881045543,-0.002698062611248335,0.7432310695398284,0.002135100000000001,-0.1158024,0.7166688,0.0004022837,-0.0004644579,0.7869132,0.7116688
306312860,0.78,W,-0.005367984881045543,-0.002698062611248335,0.7432310695398284,0.08232160000000001,-0.1156116,0.7170634,0.0004022837,-0.0004644579,0.7869132,0.7120634
306312860,0.78,S,-0.005367984881045543,-0.002698062611248335,0.7432310695398284,0.002172044,-0.27533831000000003,0.7140302000000001,0.0004022837,-0.0004644579,0.7869132,0.7090302
306312860,0.78,N,-0.005367984881045543,-0.002698062611248335,0.7432310695398284,0.001803286,0.364202,0.7149676,0.0004022837,-0.0004644579,0.7869132,0.7099676
306312966,0.78,E,-0.005462566792066138,-0.0026656622515138172,0.7445869541392206,0.0022234000000000143,-0.1157078,0.7180321,0.0004197467,-0.0004459628,0.7867343,0.7130321
306312966,0.78,W,-0.005462566792066138,-0.0026656622515138172,0.7445869541392206,0.08243079999999998,-0.1156242,0.7196218,0.0004197467,-0.0004459628,0.7867343,0.7146218
306312966,0.78,S,-0.005462566792066138,-0.0026656622515138172,0.7445869541392206,0.001973746,-0.27523454,0.7164759,0.0004197467,-0.0004459628,0.7867343,0.7114759
306312966,0.78,N,-0.005462566792066138,-0.0026656622515138172,0.7445869541392206,0.001714258,0.3643753,0.7171958,0.0004197467,-0.0004459628,0.7867343,0.7121958
306313081,0.78,E,-0.005577402404734952,-0.0026332284492581568,0.7461089047621017,0.0017785999999999913,-0.1159246,0.7201878,0.0004319918,-0.0004246526,0.7865252,0.7151878
306313081,0.78,W,-0.005577402404734952,-0.0026332284492581568,0.7461089047621017,0.0824971,-0.1157367,0.7218866,0.0004319918,-0.0004246526,0.7865252,0.7168866
306313081,0.78,S,-0.005577402404734952,-0.0026332284492581568,0.7461089047621017,0.001859157,-0.27496739000000003,0.7158418,0.0004319918,-0.0004246526,0.7865252,0.7108418
306313081,0.78,N,-0.005577402404734952,-0.0026332284492581568,0.7461089047621017,0.001550593,0.3645623,0.719804,0.0004319918,-0.0004246526,0.7865252,0.714804
306313191,0.78,E,-0.0056967967186748545,-0.0026092660874211084,0.7476118204620189,0.001645599999999997,-0.1156685,0.7218148,0.0004343548,-0.000417859,0.7864454,0.7168148
306313191,0.78,W,-0.0056967967186748545,-0.0026092660874211084,0.7476118204620189,0.0820848,-0.1154591,0.7211954,0.0004343548,-0.000417859,0.7864454,0.7161954
306313191,0.78,S,-0.0056967967186748545,-0.0026092660874211084,0.7476118204620189,0.002002453,-0.2751636,0.718547,0.0004343548,-0.000417859,0.7864454,0.713547
306313191,0.78,N,-0.0056967967186748545,-0.0026092660874211084,0.7476118204620189,0.001572594,0.3645231,0.7201743,0.0004343548,-0.000417859,0.7864454,0.7151743
306313297,0.78,E,-0.0058167195097490795,-0.0025950333321556303,0.7491093884406833,0.001571099999999992,-0.1153791,0.7234891,0.000436521,-0.0004071061,0.7862591,0.7184891
306313297,0.78,W,-0.0058167195097490795,-0.0025950333321556303,0.7491093884406833,0.08208040000000001,-0.1148678,0.7233702,0.000436521,-0.0004071061,0.7862591,0.7183702
306313297,0.78,S,-0.0058167195097490795,-0.0025950333321556303,0.7491093884406833,0.00183982,-0.2750626,0.7220741,0.000436521,-0.0004071061,0.7862591,0.7170741
306313297,0.78,N,-0.0058167195097490795,-0.0025950333321556303,0.7491093884406833,0.001803918,0.364673,0.7224219,0.000436521,-0.0004071061,0.7862591,0.7174219
306313405,0.78,E,-0.005923802639276925,-0.0025873932940170792,0.7504827351695035,0.0018820999999999977,-0.1150145,0.7234694,0.0004370733,-0.0004060555,0.786084,0.7184694
306313405,0.78,W,-0.005923802639276925,-0.0025873932940170792,0.7504827351695035,0.0820221,-0.1149223,0.7243067,0.0004370733,-0.0004060555,0.786084,0.7193067
306313405,0.78,S,-0.005923802639276925,-0.0025873932940170792,0.7504827351695035,0.00197246,-0.27499731,0.7250933,0.0004370733,-0.0004060555,0.786084,0.7200933
306313405,0.78,N,-0.005923802639276925,-0.0025873932940170792,0.7504827351695035,0.001777586,0.3647064,0.7227826,0.0004370733,-0.0004060555,0.786084,0.7177826
306313516,0.78,E,-0.006037071650926491,-0.0025802446840065985,0.7520287360412841,0.002072400000000002,-0.1150569,0.7259521,0.0004406935,-0.000409854,0.7859073,0.7209521
306313516,0.78,W,-0.006037071650926491,-0.0025802446840065985,0.7520287360412841,0.08203429999999999,-0.114787,0.7257928,0.0004406935,-0.000409854,0.7859073,0.7207928
306313516,0.78,S,-0.006037071650926491,-0.0025802446840065985,0.7520287360412841,0.001893532,-0.27488843,0.7249929,0.0004406935,-0.000409854,0.7859073,0.7199929
306313516,0.78,N,-0.006037071650926491,-0.0025802446840065985,0.7520287360412841,0.00184291,0.36496490000000004,0.7249419,0.0004406935,-0.000409854,0.7859073,0.7199419
306313620,0.78,E,-0.00614756132282225,-0.0025698066662595714,0.7536722834629994,0.0020448000000000133,-0.1148011,0.7270163000000001,0.0004497344,-0.0004146438,0.7857378,0.7220163
306313620,0.78,W,-0.00614756132282225,-0.0025698066662595714,0.7536722834629994,0.0821852,-0.1149535,0.72723,0.0004497344,-0.0004146438,0.7857378,0.72223
306313620,0.78,S,-0.00614756132282225,-0.0025698066662595714,0.7536722834629994,0.001900205,-0.27471356,0.7267023,0.0004497344,-0.0004146438,0.7857378,0.7217023
306313620,0.78,N,-0.00614756132282225,-0.0025698066662595714,0.7536722834629994,0.001878594,0.3654947,0.7276606,0.0004497344,-0.0004146438,0.7857378,0.7226606
306313727,0.78,E,-0.006256656525161228,-0.002550805570099131,0.7553985589243687,0.0014723000000000097,-0.1151967,0.7300726,0.0004590423,-0.0004166519,0.7856265,0.7250726
306313727,0.78,W,-0.006256656525161228,-0.002550805570099131,0.7553985589243687,0.0822634,-0.1147193,0.7292386,0.0004590423,-0.0004166519,0.7856265,0.7242386
306313727,0.78,S,-0.006256656525161228,-0.002550805570099131,0.7553985589243687,0.002014072,-0.27456815,0.7270311,0.0004590423,-0.0004166519,0.7856265,0.7220311
306313727,0.78,N,-0.006256656525161228,-0.002550805570099131,0.7553985589243687,0.001848312,0.365097,0.7270972,0.0004590423,-0.0004166519,0.7856265,0.7220972
306313834,0.78,E,-0.006365498031634754,-0.002522816483592525,0.7571189209178184,0.0014646000000000103,-0.1149144,0.7312968,0.0004731063,-0.0004157507,0.7854855,0.7262968
306313834,0.78,W,-0.006365498031634754,-0.002522816483592525,0.7571189209178184,0.08151570000000001,-0.114309,0.7291158,0.0004731063,-0.0004157507,0.7854855,0.7241158
306313834,0.78,S,-0.006365498031634754,-0.002522816483592525,0.7571189209178184,0.001925983,-0.27474949000000004,0.7295746,0.0004731063,-0.0004157507,0.7854855,0.7245746
306313834,0.78,N,-0.006365498031634754,-0.002522816483592525,0.7571189209178184,0.001827626,0.3653521,0.7293958,0.0004731063,-0.0004157507,0.7854855,0.7243958
306313939,0.78,E,-0.0064636329670328336,-0.00249425800508067,0.7586038857631718,0.0017268000000000006,-0.1147182,0.7316883,0.0004857943,-0.0004108747,0.7853446,0.7266883
306313939,0.78,W,-0.0064636329670328336,-0.00249425800508067,0.7586038857631718,0.08189329999999999,-0.1144873,0.7327651000000001,0.0004857943,-0.0004108747,0.7853446,0.7277651
306313939,0.78,S,-0.0064636329670328336,-0.00249425800508067,0.7586038857631718,0.002075505,-0.27469872,0.7329905,0.0004857943,-0.0004108747,0.7853446,0.7279905
306313939,0.78,N,-0.0064636329670328336,-0.00249425800508067,0.7586038857631718,0.001791526,0.365449,0.7308467,0.0004857943,-0.0004108747,0.7853446,0.7258467
306314045,0.78,E,-0.006561209570364053,-0.002466128579445723,0.7599963170608606,0.001933199999999996,-0.1143134,0.7321567,0.0004950727,-0.0004023873,0.7851886,0.7271567
306314045,0.78,W,-0.006561209570364053,-0.002466128579445723,0.7599963170608606,0.0820172,-0.1146268,0.7341862,0.0004950727,-0.0004023873,0.7851886,0.7291862
306314045,0.78,S,-0.006561209570364053,-0.002466128579445723,0.7599963170608606,0.001960894,-0.27453418,0.7334828,0.0004950727,-0.0004023873,0.7851886,0.7284828
306314150,0.78,E,-0.006678621347999837,-0.0024363063640894618,0.7615901049652155,0.0020534000000000108,-0.114016,0.7333461,0.0004972043,-0.0003981786,0.7851168,0.7283461
306314150,0.78,W,-0.006678621347999837,-0.0024363063640894618,0.7615901049652155,0.08176969999999999,-0.1144752,0.7364211,0.0004972043,-0.0003981786,0.7851168,0.7314211
306314150,0.78,S,-0.006678621347999837,-0.0024363063640894618,0.7615901049652155,0.001670682,-0.27432117,0.7361325,0.0004972043,-0.0003981786,0.7851168,0.7311325
306314150,0.78,N,-0.006678621347999837,-0.0024363063640894618,0.7615901049652155,0.001658097,0.3655393,0.7347999,0.0004972043,-0.0003981786,0.7851168,0.7297999
306314260,0.78,E,-0.006819795293060638,-0.0024093060951855387,0.7634573844948829,0.0013531999999999988,-0.1143629,0.7375011,0.0004976241,-0.0003913708,0.7849723,0.7325011
306314260,0.78,W,-0.006819795293060638,-0.0024093060951855387,0.7634573844948829,0.08160160000000001,-0.1142154,0.7370704,0.0004976241,-0.0003913708,0.7849723,0.7320704
306314260,0.78,S,-0.006819795293060638,-0.0024093060951855387,0.7634573844948829,0.001258142,-0.27384432000000003,0.7353705,0.0004976241,-0.0003913708,0.7849723,0.7303705
306314260,0.78,N,-0.006819795293060638,-0.0024093060951855387,0.7634573844948829,0.001466286,0.36594150000000003,0.7377368,0.0004976241,-0.0003913708,0.7849723,0.7327368
306314365,0.78,E,-0.00692669908474844,-0.002396813991018878,0.7648688696638312,0.0015886999999999984,-0.1140438,0.7365612,0.0004940962,-0.000388993,0.784844,0.7315612
306314365,0.78,W,-0.00692669908474844,-0.002396813991018878,0.7648688696638312,0.0814912,-0.11411,0.7376912,0.0004940962,-0.000388993,0.784844,0.7326912
306314365,0.78,S,-0.00692669908474844,-0.002396813991018878,0.7648688696638312,0.001367471,-0.27388626,0.7372798,0.0004940962,-0.000388993,0.784844,0.7322798
306314365,0.78,N,-0.00692669908474844,-0.002396813991018878,0.7648688696638312,0.001258089,0.3661049,0.738744,0.0004940962,-0.000388993,0.784844,0.733744
306314471,0.78,E,-0.007060764423679339,-0.0023930708051808605,0.7667009336102281,0.0018536000000000108,-0.1136296,0.7389296,0.0004902122,-0.000391762,0.7846971,0.7339296
306314471,0.78,W,-0.007060764423679339,-0.0023930708051808605,0.7667009336102281,0.0809142,-0.1136884,0.7380363,0.0004902122,-0.000391762,0.7846971,0.7330363
306314471,0.78,S,-0.007060764423679339,-0.0023930708051808605,0.7667009336102281,0.001338332,-0.27380815000000003,0.7394954,0.0004902122,-0.000391762,0.7846971,0.7344954
306314583,0.78,E,-0.007176869797266646,-0.0023991041077434435,0.768397999177318,0.0014349999999999918,-0.1137018,0.7415875,0.0004906734,-0.0003985655,0.7845664,0.7365875
306314583,0.78,W,-0.007176869797266646,-0.0023991041077434435,0.768397999177318,0.0819891,-0.113846,0.7431711,0.0004906734,-0.0003985655,0.7845664,0.7381711
306314583,0.78,S,-0.007176869797266646,-0.0023991041077434435,0.768397999177318,0.001370752,-0.27352772000000003,0.7415628,0.0004906734,-0.0003985655,0.7845664,0.7365628
306314583,0.78,N,-0.007176869797266646,-0.0023991041077434435,0.768397999177318,0.001452332,0.3662485,0.740865,0.0004906734,-0.0003985655,0.7845664,0.735865
306314689,0.78,E,-0.007273305709146413,-0.0024079062066311202,0.7699366839328403,0.0018591000000000024,-0.1134565,0.7423011,0.0004974932,-0.0004066092,0.7844265,0.7373011
306314689,0.78,W,-0.007273305709146413,-0.0024079062066311202,0.7699366839328403,0.08156719999999999,-0.1134272,0.7424451,0.0004974932,-0.0004066092,0.7844265,0.7374451
306314689,0.78,S,-0.007273305709146413,-0.0024079062066311202,0.7699366839328403,0.00139465,-0.27327818000000004,0.7415838,0.0004974932,-0.0004066092,0.7844265,0.7365838
306314795,0.78,E,-0.007373488350343895,-0.0024172270917830665,0.7717145041197404,0.001706199999999991,-0.1136208,0.7450079000000001,0.0005084099,-0.0004107509,0.7843217,0.7400079
306314795,0.78,W,-0.007373488350343895,-0.0024172270917830665,0.7717145041197404,0.08228119999999998,-0.1136852,0.7475611,0.0005084099,-0.0004107509,0.7843217,0.7425611
306314795,0.78,S,-0.007373488350343895,-0.0024172270917830665,0.7717145041197404,0.001299929,-0.27311655,0.745098,0.0005084099,-0.0004107509,0.7843217,0.740098
306314902,0.78,E,-0.007459867305455818,-0.0024214339703099055,0.7733731275184709,0.0016908999999999952,-0.1136714,0.7466688,0.0005174271,-0.0004107302,0.7842591,0.7416688
306314902,0.78,W,-0.007459867305455818,-0.0024214339703099055,0.7733731275184709,0.08184860000000001,-0.1138505,0.7482198,0.0005174271,-0.0004107302,0.7842591,0.7432198
306314902,0.78,S,-0.007459867305455818,-0.0024214339703099055,0.7733731275184709,0.001384382,-0.27332435,0.7464619,0.0005174271,-0.0004107302,0.7842591,0.7414619
306315009,0.78,E,-0.0075529456357955665,-0.0024189738885205597,0.7752030231876593,0.001883600000000013,-0.1134217,0.7482096,0.0005350492,-0.0004053645,0.7841476,0.7432096
306315009,0.78,W,-0.0075529456357955665,-0.0024189738885205597,0.7752030231876593,0.08191269999999999,-0.1133913,0.7478326,0.0005350492,-0.0004053645,0.7841476,0.7428326
306315009,0.78,S,-0.0075529456357955665,-0.0024189738885205597,0.7752030231876593,0.001332747,-0.27340259,0.7474946,0.0005350492,-0.0004053645,0.7841476,0.7424946
306315009,0.78,N,-0.0075529456357955665,-0.0024189738885205597,0.7752030231876593,0.001478789,0.36649560000000003,0.7478356,0.0005350492,-0.0004053645,0.7841476,0.7428356
306315116,0.78,E,-0.007642846128013334,-0.0024128989515395135,0.7769355472793019,0.0015727000000000102,-0.1133249,0.7508464,0.0005510427,-0.0003939536,0.7840376,0.7458464
306315116,0.78,W,-0.007642846128013334,-0.0024128989515395135,0.7769355472793019,0.0816764,-0.1132779,0.7508586,0.0005510427,-0.0003939536,0.7840376,0.7458586
306315116,0.78,S,-0.007642846128013334,-0.0024128989515395135,0.7769355472793019,0.001408143,-0.2733325,0.7495637,0.0005510427,-0.0003939536,0.7840376,0.7445637
306315116,0.78,N,-0.007642846128013334,-0.0024128989515395135,0.7769355472793019,0.001344223,0.3663193,0.7488654,0.0005510427,-0.0003939536,0.7840376,0.7438654
306315224,0.78,E,-0.007743742969292276,-0.002407700507878159,0.7787768425479671,0.0016672000000000076,-0.1133951,0.751758,0.0005641603,-0.0003786707,0.7839142,0.746758
306315224,0.78,W,-0.007743742969292276,-0.002407700507878159,0.7787768425479671,0.08172239999999999,-0.113454,0.752959,0.0005641603,-0.0003786707,0.7839142,0.747959
306315224,0.78,S,-0.007743742969292276,-0.002407700507878159,0.7787768425479671,0.001405859,-0.27336283,0.7506935,0.0005641603,-0.0003786707,0.7839142,0.7456935
306315334,0.78,E,-0.007848804860205897,-0.0024075841864809135,0.780543837579858,0.0014582999999999957,-0.1134291,0.7536083,0.0005707812,-0.0003666079,0.7838055,0.7486083
306315334,0.78,W,-0.007848804860205897,-0.0024075841864809135,0.780543837579858,0.08142419999999999,-0.1134554,0.7532348,0.0005707812,-0.0003666079,0.7838055,0.7482348
306315334,0.78,S,-0.007848804860205897,-0.0024075841864809135,0.780543837579858,0.001355311,-0.2731749,0.7536194,0.0005707812,-0.0003666079,0.7838055,0.7486194
306315446,0.78,E,-0.007965116277763737,-0.002415289994115453,0.7823528325443934,0.0013723999999999958,-0.1130636,0.7556357,0.0005728345,-0.0003579676,0.7836964,0.7506357
306315446,0.78,W,-0.007965116277763737,-0.002415289994115453,0.7823528325443934,0.0819179,-0.1134059,0.757335,0.0005728345,-0.0003579676,0.7836964,0.752335
306315446,0.78,S,-0.007965116277763737,-0.002415289994115453,0.7823528325443934,0.001300357,-0.27323637,0.7574959,0.0005728345,-0.0003579676,0.7836964,0.7524959
306315555,0.78,E,-0.008083666848575468,-0.0024326684587042914,0.784133365862882,0.001457900000000012,-0.1127179,0.7564381,0.0005724153,-0.0003548315,0.7836077,0.7514381
306315555,0.78,W,-0.008083666848575468,-0.0024326684587042914,0.784133365862882,0.0816678,-0.1131038,0.758316,0.0005724153,-0.0003548315,0.7836077,0.753316
306315555,0.78,S,-0.008083666848575468,-0.0024326684587042914,0.784133365862882,0.001217506,-0.27301629,0.7584506,0.0005724153,-0.0003548315,0.7836077,0.7534506
306315555,0.78,N,-0.008083666848575468,-0.0024326684587042914,0.784133365862882,0.001237368,0.3674931,0.7590112,0.0005724153,-0.0003548315,0.7836077,0.7540112
306315660,0.78,E,-0.008209137696075048,-0.002464220513558819,0.7860207927537102,0.001467099999999999,-0.1127981,0.7595068,0.0005741071,-0.0003577574,0.7835311,0.7545068
306315660,0.78,W,-0.008209137696075048,-0.002464220513558819,0.7860207927537102,0.0815269,-0.113055,0.760376,0.0005741071,-0.0003577574,0.7835311,0.755376
306315660,0.78,S,-0.008209137696075048,-0.002464220513558819,0.7860207927537102,0.001239186,-0.27299191,0.7595105,0.0005741071,-0.0003577574,0.7835311,0.7545105
306315660,0.78,N,-0.008209137696075048,-0.002464220513558819,0.7860207927537102,0.001205231,0.3674635,0.7596537,0.0005741071,-0.0003577574,0.7835311,0.7546537
306315766,0.78,E,-0.00833196049987306,-0.0025094078883678623,0.787916853224939,0.0017582000000000153,-0.1124841,0.7600851,0.0005772486,-0.0003621848,0.7834861,0.7550851
306315766,0.78,W,-0.00833196049987306,-0.0025094078883678623,0.787916853224939,0.08142049999999999,-0.1126782,0.7610915,0.0005772486,-0.0003621848,0.7834861,0.7560915
306315766,0.78,S,-0.00833196049987306,-0.0025094078883678623,0.787916853224939,0.001432123,-0.27275072,0.7627098,0.0005772486,-0.0003621848,0.7834861,0.7577098
