ts_ms,rel_s,alt_cmd,n_assoc,markers,kabsch_res,gt_x,gt_y,gt_z,est_x,est_y,est_z,cf2_x,cf2_y,cf2_z
308527799,0.0,0.78,6,ENENWSESWW,0.0017406169927910232,0.006632047523883247,-0.005847044846214516,0.7005810809066567,0.006111265814753383,0.0016588829176974599,0.6937385414541666,-0.0005482472,0.000494076,-0.009943317
308527906,0.107,0.78,6,ENENWSESWW,0.0007932154345480946,0.00677437928434857,-0.005976036521213714,0.7012903442696674,0.006777414072916844,0.006234645509426025,0.6940076213575816,0.000130702,-9.37463e-05,0.8106297
308528013,0.214,0.78,6,ENENWSESWW,0.0011700076736836087,0.006926305831199133,-0.006107698612601165,0.7020178584357731,0.008067734325356513,0.003244084637232276,0.6954315446197394,0.0001269667,-0.0001144042,0.8095407
308528119,0.32,0.78,6,ENENWSESWW,0.001769395042694384,0.007103414053792442,-0.0062479563873236,0.702823659869619,0.009195652744507904,0.004395869140398526,0.6970097027011538,0.0001349725,-0.0001396589,0.8086203
308528227,0.428,0.78,6,ENENWSESWW,0.0010900810470746898,0.007284992346280039,-0.0063781219352780074,0.7036248702680268,0.010025072467017917,0.007578955216010745,0.6977371345087993,0.0001532189,-0.0001653384,0.80776
308528332,0.533,0.78,6,ENENWSESWW,0.0009333602010635097,0.007443928664686489,-0.0064831986635721945,0.7043243930722157,0.008549369797813167,0.009262966522771938,0.6988287990798393,0.000183618,-0.0001924768,0.8067621
308528440,0.641,0.78,6,ENENWSESWW,0.0014123754894104338,0.007640147332298186,-0.0066021942976410425,0.7052124667964539,0.008086095773793866,0.005260189715336446,0.6991648364233429,0.0002080338,-0.0002072882,0.8059649
308528547,0.748,0.78,6,ENENWSESWW,0.0003282861193098554,0.007806587954479679,-0.006695777955728324,0.7059962985619183,0.010269178953701387,0.00559943569777735,0.6995095276031426,0.0002202398,-0.0002122643,0.8055073
308528653,0.854,0.78,6,ENENWSESWW,0.0004477745455760023,0.008016547668639932,-0.006810960844563637,0.7070333139952869,0.009652551754033619,0.005750475837969317,0.7007668388637819,0.000236953,-0.0002157122,0.8047007
308528760,0.961,0.78,6,ENENWSESWW,0.0009211686307345447,0.008162672029266693,-0.006894709545178633,0.7078090980653907,0.008876091011335008,0.005702878258364694,0.7014517807391065,0.0002465563,-0.0002171127,0.8039049
308528867,1.068,0.78,6,ENENWSESWW,0.0009922507752089594,0.008360708869078174,-0.007019349522655644,0.7089364184540105,0.005149070433249043,0.0065640679885121825,0.7021392596082008,0.0002480421,-0.0002220632,0.803135
308528972,1.173,0.78,6,ENENWSESWW,0.0004481361549860264,0.00851011151915686,-0.007122153126596845,0.7098250820593127,0.010247961011309358,0.006253780046900011,0.703135877894727,0.0002454141,-0.0002337622,0.8024244
308529079,1.28,0.78,6,ENENWSESWW,0.0013001191771237325,0.00867154736217397,-0.007237518870841259,0.7107941581458133,0.010002692039832986,0.006671286617245561,0.7048032226502742,0.0002436556,-0.0002517171,0.8017805
308529189,1.39,0.78,6,ENENWSESWW,0.001105783308426046,0.008824242761116681,-0.0073449589803475344,0.7117025681995239,0.009346170701815789,0.007733733214077141,0.7056154623291447,0.0002439054,-0.0002649664,0.801398
308529294,1.495,0.78,6,ENENWSESWW,0.001245990248021162,0.009019658722176029,-0.007474839799493136,0.7128432403623286,0.011600738489749945,0.007280437536464366,0.7060117512141312,0.00024806,-0.0002905351,0.800754
308529403,1.604,0.78,6,ENENWSESWW,0.001244794898470229,0.009187105344452114,-0.0075778290913603545,0.7138134370365169,0.01332368871671749,0.007102977550672876,0.7075059494267649,0.0002566606,-0.0003156251,0.8001474
308529513,1.714,0.78,6,ENENWSESWW,0.0006671597186642687,0.00935719457492916,-0.007674148446973323,0.7148171400203143,0.013720689663615306,0.008653616836663538,0.7085423925607055,0.0002693359,-0.0003404824,0.7995113
308529621,1.822,0.78,6,ENENWSESWW,0.0007590081356588902,0.009544377144049281,-0.0077711617210169445,0.7159629972218872,0.014273119515547357,0.012238841566862146,0.7093221583343925,0.0002820405,-0.0003602281,0.7988853
308529730,1.931,0.78,6,ENENWSESWW,0.0011564391515217578,0.009722096056090116,-0.00785864396106689,0.7171101385665192,0.011170793341307113,0.00530280937871054,0.7107573911785124,0.0002863991,-0.0003677056,0.7985699
308529837,2.038,0.78,6,ENENWSESWW,0.0013150009470417226,0.009880017580115879,-0.007937129494436038,0.7181897925389669,0.01146054159871332,0.011678326448471877,0.7121505249350026,0.0002901305,-0.0003807515,0.7979624
308529943,2.144,0.78,6,ENENWSESWW,0.0007878122134763608,0.010046729625936736,-0.008024967617274838,0.7193885628419072,0.010976862861307035,0.011478897213210644,0.7122291423425006,0.0002883572,-0.0003937401,0.7974659
308530054,2.255,0.78,6,ENENWSESWW,0.0008996249687753918,0.010205759001487675,-0.00811213483662848,0.7205564973643175,0.010383260071732604,0.006086382604666217,0.7139532962706263,0.0002829528,-0.000412555,0.7969049
308530159,2.36,0.78,6,ENENWSESWW,0.001883406493783943,0.010358902882401967,-0.008194182282393934,0.721682285571065,0.011762434006177668,0.007599685178500624,0.715168859492217,0.000279572,-0.0004245276,0.7965992
308530267,2.468,0.78,6,ENENWSESWW,0.0009120536647260067,0.010526074481996703,-0.0082762522606664,0.7228895146991682,0.011590055192979488,0.009276916224236294,0.7158266736759361,0.0002746063,-0.0004455143,0.7960994
308530377,2.578,0.78,6,ENENWSESWW,0.0018473435999336275,0.010696961642870621,-0.008349396582564976,0.7240847339219489,0.011802497225361004,0.008482205771559021,0.7166476671024739,0.0002710633,-0.0004658941,0.7956115
308530485,2.686,0.78,6,ENENWSESWW,0.0010745189478672305,0.010874519462097337,-0.008412159112891402,0.7252799404292332,0.01170025095356174,0.0066208653848807645,0.7180974574340424,0.0002691118,-0.0004828647,0.7951193
308530591,2.792,0.78,6,ENENWSESWW,0.002135882332134622,0.011058027862669517,-0.008464338894946825,0.7264953019568808,0.011671928849821793,0.00882935321189585,0.7194974254898215,0.0002685908,-0.0004895982,0.7948551
308530700,2.901,0.78,6,ENENWSESWW,0.0009151619672468207,0.011250416869563405,-0.008506474011285275,0.7277783879472383,0.011500962088854608,0.008611320380052743,0.7215093600991295,0.0002667074,-0.0004967436,0.7944265
308530808,3.009,0.78,6,ENENWSESWW,0.001286794863164142,0.011423773642860695,-0.008535667712375378,0.7289628831365087,0.01311201167824188,0.006693492352222017,0.7219172949507475,0.0002603294,-0.0004982244,0.7939949
308530916,3.117,0.78,6,ENENWSESWW,0.0014802303166181509,0.011599128446816074,-0.008560523808005097,0.7301980312699243,0.013180574455220855,0.011940614612463379,0.723205955118552,0.0002482457,-0.0004951205,0.7935863
308531024,3.225,0.78,6,ENENWSESWW,0.0013317095446021136,0.011832384712625427,-0.00859239959764318,0.7318656983588976,0.012122757966399078,0.008579293478010423,0.7252205318625728,0.0002317697,-0.0004907231,0.793204
308531131,3.332,0.78,6,ENENWSESWW,0.0013028167105246522,0.011986264806064427,-0.008615430014969653,0.7329606810541067,0.011991092510484483,0.009304294982946255,0.7261988502699569,0.000213292,-0.0004876501,0.7928161
308531237,3.438,0.78,6,ENENWSESWW,0.0014045251295066487,0.012156453982138516,-0.008643559341994633,0.7341534780153315,0.014222374341079501,0.009539133807929574,0.7277290632453285,0.0001959804,-0.0004876919,0.7924244
308531346,3.547,0.78,6,ENENWSESWW,0.0015142983607461732,0.012393024132800145,-0.008683215978222072,0.7357749383820268,0.012232174241593202,0.011201072291833914,0.7293648280264409,0.000183495,-0.000490758,0.7920503
308531450,3.651,0.78,4,ENESEW,0.001633572374971051,0.01254395434290333,-0.00870669666850859,0.7367869050430794,0.0139177436767121,0.008625602996198547,0.7305023486637333,0.0001785996,-0.0004929812,0.7918556
308531557,3.758,0.78,6,ENENWSESWW,0.0013160748964728152,0.012762522042473978,-0.008737719404892262,0.7382083571839223,0.012237871481768163,0.008185663724147384,0.7316431543559636,0.0001744989,-0.0004967815,0.7915308
308531665,3.866,0.78,6,ENENWSESWW,0.001091777022810572,0.013017100906292517,-0.008766556147508616,0.739831535300875,0.012731488639782833,0.009156173818875386,0.7334186990499965,0.0001760004,-0.0004985452,0.7911993
308531769,3.97,0.78,6,ENENWSESWW,0.002363708723779244,0.013235872669898249,-0.008787100248623362,0.7412346067203047,0.013967457279861555,0.005877671883686473,0.7338935308843026,0.0001803846,-0.0004962745,0.7908859
308531876,4.077,0.78,6,ENENWSESWW,0.0010161383691942383,0.01345704738085211,-0.008807815419205582,0.7426720860797725,0.019718869755488404,0.004224239586892869,0.7368525502657828,0.0001829077,-0.0004934988,0.7907204
308532090,4.291,0.78,4,ENWSWW,0.0012750978575771918,0.013887404154159918,-0.008860252296030371,0.7455566145681023,0.022920596657744444,0.015637952684298122,0.7390138993084129,0.0001921188,-0.0004808016,0.7900929
308532196,4.397,0.78,6,ENENWSESWW,0.002517154672080077,0.014098226529295375,-0.008896935773675941,0.7470266386206882,0.01673368617527273,0.006827153037552917,0.7408384272314539,0.000196457,-0.0004762493,0.7898051
308532301,4.502,0.78,4,ENESEW,0.0006538245510863243,0.014315562492422601,-0.008944367661803263,0.7485514633442508,0.010107916380141302,0.008634705881270242,0.7427778784187901,0.0002000068,-0.0004752107,0.7896321
308532405,4.606,0.78,4,ENWSWW,0.001460644872261533,0.01448788287471952,-0.008987322701262991,0.749746906428746,0.01007648863952268,0.007962909861368352,0.7438070887488853,0.0002067988,-0.0004765047,0.789408
308532511,4.712,0.78,4,ENESEW,0.0003285889259402181,0.014769979277383062,-0.009060996511587965,0.7516580009747303,0.015178907060606608,0.009615846702432363,0.7453989065959247,0.0002211835,-0.0004821051,0.7891111
308532627,4.828,0.78,6,ENENWSESWW,0.0009440890394764664,0.014998608070447644,-0.00911866272027261,0.7531645421351606,0.020360766616589296,0.008296162947487237,0.7463045547471381,0.0002388936,-0.0004878665,0.7888548
308532732,4.933,0.78,6,ENENWSESWW,0.0008483285852797243,0.015234930254179005,-0.009173933045091683,0.7547094513224908,0.01589697949379435,0.009560650014224488,0.7482053582070951,0.0002557207,-0.0004913355,0.7886642
308532945,5.146,0.78,6,ENENWSESWW,0.0012353649095414624,0.01571882646823146,-0.009268573569049343,0.7579018084360698,0.016083740627977246,0.008114857304661233,0.751579703687122,0.0002983384,-0.0004935017,0.7882268
308533054,5.255,0.78,6,ENENWSESWW,0.0016370351140470446,0.01593439625266413,-0.009301513058957291,0.7593836643985731,0.016292346373020388,0.0077118962925317,0.7527427664203619,0.0003076535,-0.0004926911,0.7881171
308533164,5.365,0.78,4,ENWSWW,0.0005581753049763896,0.016184604906428972,-0.00933742542352469,0.7611821755304901,0.020025646338627398,0.008335470949830519,0.754190099630662,0.0003292686,-0.0004877865,0.7877646
308533271,5.472,0.78,6,ENENWSESWW,0.0006476783157411366,0.016395533917549384,-0.009369999891017956,0.7627823832171247,0.017848016022687024,0.009043404846573327,0.7567752928182845,0.0003324406,-0.0004870224,0.7876612
308533486,5.687,0.78,4,ENESEW,0.0003383429932062504,0.016854068737752487,-0.009462093053880731,0.7664313292892424,0.02113641322305175,0.005581523526133342,0.7585560637785457,0.0003304703,-0.0004968053,0.7872233
308533914,6.115,0.78,6,ENENWSESWW,0.001170517495730362,0.017748490928219795,-0.00966011784041944,0.7733490125417649,0.020499864805907403,0.008076453078173392,0.7662852818668295,0.0003325425,-0.0005511383,0.7865272
308534020,6.221,0.78,6,ENENWSESWW,0.0015819467251012563,0.01794781201525034,-0.009689547697364069,0.7748543649900199,0.019595502638654953,0.015197482042212834,0.7695698891449267,0.0003447167,-0.0005624707,0.7863089
308534126,6.327,0.78,4,ENESEW,0.001137663949432337,0.018184085572213824,-0.00971411759026071,0.7766736824730579,0.02244204094659534,0.01343085134296196,0.7694316012873299,0.0003520085,-0.0005658646,0.7861747
308534348,6.549,0.78,6,ENENWSESWW,0.0022147447983121515,0.01863874601399017,-0.009740324589138233,0.780389376822442,0.023873578015790653,0.007804021870312594,0.7738491685417601,0.0003567908,-0.0005670628,0.7858259
308534452,6.653,0.78,4,ENESEW,0.0003960695098466395,0.018850402056181707,-0.009751670358927617,0.7822574903222101,0.013983563459131335,0.008992684715914545,0.7763664476868739,0.0003503618,-0.0005711071,0.7856823
308534557,6.758,0.78,6,ENENWSESWW,0.0009777663721878128,0.01905219979565532,-0.009767042714441052,0.7841167444602622,0.022372637596790763,0.010603519883310528,0.7775208019404497,0.0003445107,-0.0005750244,0.7856021
308534881,7.082,0.78,6,ENENWSESWW,0.0008473938330282608,0.019668948667388976,-0.009825425775295585,0.7898735843202909,0.02059625164908107,0.01404431164293486,0.7829581355627295,0.0003055158,-0.0006229719,0.7851468
308535092,7.293,0.78,6,ENENWSESWW,0.0009168909693685791,0.02007396130360167,-0.009834661884552847,0.793445794078239,0.021448771661334905,0.01731115655962067,0.7866304484821146,0.0002977531,-0.0006459332,0.78495
308535204,7.405,0.78,6,ENENWSESWW,0.002127938190870489,0.02033698280388801,-0.009823513153360908,0.7957075084181312,0.022493033338264908,0.017227471656577037,0.7890611132529961,0.0002976204,-0.0006546685,0.7848149
308535311,7.512,0.78,4,ENESEW,0.0016610283327737133,0.02057555747511329,-0.009807390541522614,0.7977803673727956,0.01989057559173421,0.017921038303390924,0.7906437379211403,0.0002975351,-0.0006564583,0.7847013
308535743,7.944,0.78,4,ENESEW,0.0016768159309059423,0.02139258203134935,-0.00977334470055707,0.805391176853896,0.020259757430888606,0.01343261678523723,0.797678155197048,0.000275585,-0.0006564632,0.7842606
308535960,8.161,0.78,6,ENENWSESWW,0.0011313840973519052,0.021841722816452577,-0.009791263731654528,0.809697925078173,0.02243026626616789,0.01774706608495998,0.8024215071341865,0.000259391,-0.0006656487,0.784018
