ts	roll	pitch	yaw	x	y	z
16621	0.000	0.000	0.000	-0.0001	0.0000	0.0150
16625	0.000	0.000	0.000	-0.0001	0.0000	0.0150
16645	0.000	0.000	0.000	-0.0001	0.0000	0.0150
16662	0.000	0.000	0.000	-0.0001	0.0000	0.0150
16690	0.000	0.000	0.000	-0.0001	0.0000	0.0150
16744	0.000	0.001	0.000	-0.0001	0.0000	0.0150
16744	0.000	0.001	0.000	-0.0001	0.0000	0.0150
16744	0.000	0.001	0.000	-0.0001	0.0000	0.0150
16773	0.000	0.001	0.000	-0.0001	0.0000	0.0150
16781	0.000	0.001	0.000	-0.0001	0.0000	0.0150
16831	0.000	0.001	0.000	-0.0001	0.0000	0.0150
16833	0.000	0.001	0.000	-0.0001	0.0000	0.0150
16865	0.000	0.001	0.000	-0.0001	0.0000	0.0150
16867	0.000	0.001	0.000	-0.0001	0.0000	0.0150
16880	0.000	0.001	0.000	-0.0001	0.0000	0.0150
16918	0.000	0.001	0.000	-0.0001	0.0000	0.0150
16920	0.000	0.001	0.000	-0.0001	0.0000	0.0150
16964	0.000	0.002	0.000	-0.0001	0.0000	0.0150
16966	0.000	0.002	0.000	-0.0001	0.0000	0.0150
16988	0.000	0.002	0.000	-0.0001	0.0000	0.0150
17008	0.000	0.002	0.000	-0.0001	0.0000	0.0150
17024	0.000	0.002	0.000	-0.0001	0.0000	0.0150
17063	0.000	0.002	0.000	-0.0001	0.0000	0.0150
17076	0.000	0.002	0.000	-0.0001	0.0000	0.0150
17080	0.000	0.002	0.000	-0.0001	0.0000	0.0150
17101	0.000	0.002	0.000	-0.0001	0.0000	0.0150
17121	0.000	0.002	0.000	-0.0001	0.0000	0.0150
17143	0.000	0.002	0.000	-0.0001	0.0000	0.0150
17187	0.000	0.002	0.000	-0.0001	0.0000	0.0150
17189	0.000	0.002	0.000	-0.0001	0.0000	0.0150
17207	0.000	0.002	0.000	-0.0001	0.0000	0.0150
17228	0.000	0.003	0.000	-0.0001	0.0000	0.0150
17240	0.000	0.003	0.000	-0.0001	0.0000	0.0150
17263	0.000	0.003	0.000	-0.0001	0.0000	0.0150
17295	0.000	0.003	0.000	-0.0001	0.0000	0.0150
17314	0.000	0.003	0.000	-0.0001	0.0000	0.0150
17321	0.000	0.003	0.000	-0.0001	0.0000	0.0150
17341	0.000	0.003	0.000	-0.0001	0.0000	0.0150
17375	0.000	0.003	0.000	-0.0001	0.0000	0.0150
17385	0.000	0.003	0.000	-0.0001	0.0000	0.0150
17408	0.000	0.003	0.000	-0.0001	0.0000	0.0150
17421	0.000	0.003	0.000	-0.0001	0.0000	0.0150
17459	0.000	0.003	0.000	-0.0001	0.0000	0.0150
17461	0.000	0.003	0.000	-0.0001	0.0000	0.0150
17481	0.000	0.003	0.000	-0.0001	0.0000	0.0150
17524	0.000	0.004	0.000	-0.0001	0.0000	0.0150
17537	0.000	0.004	0.000	-0.0001	0.0000	0.0150
17541	0.000	0.004	0.000	-0.0001	0.0000	0.0150
17571	0.000	0.004	0.000	-0.0001	0.0000	0.0150
17582	0.000	0.004	0.000	-0.0001	0.0000	0.0150
17600	0.000	0.004	0.000	-0.0001	0.0000	0.0150
17676	0.000	0.004	0.000	-0.0001	0.0000	0.0150
17678	0.000	0.004	0.000	-0.0001	0.0000	0.0150
17683	0.000	0.004	0.000	-0.0001	0.0000	0.0150
17683	0.000	0.004	0.000	-0.0001	0.0000	0.0150
17701	0.000	0.004	0.000	-0.0001	0.0000	0.0150
17770	0.000	0.005	0.000	-0.0001	0.0000	0.0150
17772	0.000	0.005	0.000	-0.0001	0.0000	0.0150
17777	0.000	0.005	0.000	-0.0001	0.0000	0.0150
17785	0.000	0.005	0.000	-0.0001	0.0000	0.0150
17819	0.000	0.005	0.000	-0.0001	0.0000	0.0150
17828	0.000	0.005	0.000	-0.0001	0.0000	0.0150
17851	0.000	0.005	0.000	-0.0001	0.0000	0.0150
17874	0.000	0.005	0.000	-0.0001	0.0000	0.0150
17892	0.000	0.005	0.000	-0.0001	0.0000	0.0150
17916	0.000	0.005	0.000	-0.0001	0.0000	0.0150
17922	0.000	0.005	0.000	-0.0001	0.0000	0.0150
17974	0.000	0.005	0.000	-0.0001	0.0000	0.0150
17974	0.000	0.005	0.000	-0.0001	0.0000	0.0150
17980	0.000	0.005	0.000	-0.0001	0.0000	0.0150
18003	0.000	0.005	0.000	-0.0001	0.0000	0.0150
18021	0.000	0.005	0.000	-0.0001	0.0000	0.0150
18047	0.000	0.006	0.000	-0.0001	0.0000	0.0150
18067	0.000	0.006	0.000	-0.0001	0.0000	0.0150
18081	0.000	0.006	0.000	-0.0001	0.0000	0.0150
18108	0.000	0.006	0.000	-0.0001	0.0000	0.0150
18152	0.000	0.006	0.000	-0.0001	0.0000	0.0150
18154	0.000	0.006	0.000	-0.0001	0.0000	0.0150
18162	0.000	0.006	0.000	-0.0001	0.0000	0.0150
18184	0.000	0.006	0.000	-0.0001	0.0000	0.0150
18206	0.000	0.006	0.000	-0.0001	0.0000	0.0150
18221	0.000	0.006	0.000	-0.0001	0.0000	0.0150
18286	0.004	0.005	0.000	-0.0001	0.0000	0.0151
18286	0.004	0.005	0.000	-0.0001	0.0000	0.0151
18286	0.004	0.005	0.000	-0.0001	0.0000	0.0151
18301	0.011	0.004	0.000	-0.0001	0.0000	0.0153
18341	0.018	-0.001	0.000	-0.0001	0.0000	0.0166
18345	0.018	-0.001	0.000	-0.0001	0.0000	0.0166
18389	-0.020	-0.005	0.000	-0.0001	-0.0000	0.0193
18391	-0.020	-0.005	0.000	-0.0001	-0.0000	0.0193
18408	0.033	-0.003	0.000	-0.0001	0.0000	0.0219
18421	0.056	-0.003	0.000	-0.0001	0.0000	0.0232
18440	0.100	-0.003	0.000	-0.0001	0.0000	0.0255
18462	0.099	-0.005	0.000	-0.0001	-0.0000	0.0288
18480	0.070	-0.006	0.000	-0.0001	-0.0000	0.0323
18512	-0.043	-0.005	0.000	-0.0001	-0.0000	0.0379
18531	-0.059	-0.003	0.000	-0.0001	-0.0000	0.0383
18545	-0.085	-0.002	0.000	-0.0001	-0.0001	0.0415
18560	-0.085	-0.002	0.000	-0.0001	-0.0001	0.0415
18583	-0.083	-0.002	0.000	-0.0000	-0.0001	0.0505
18601	-0.075	-0.003	0.000	-0.0001	-0.0000	0.0502
18628	-0.091	-0.003	0.000	-0.0001	-0.0000	0.0574
18651	-0.053	0.002	0.000	-0.0001	0.0000	0.0618
18662	-0.020	0.005	0.000	-0.0001	0.0000	0.0643
18682	0.043	0.008	0.000	-0.0001	0.0001	0.0691
18765	-0.086	0.007	0.000	-0.0001	0.0002	0.0904
18767	-0.086	0.007	0.000	-0.0001	0.0002	0.0904
18767	-0.086	0.007	0.000	-0.0001	0.0002	0.0904
18767	-0.086	0.007	0.000	-0.0001	0.0002	0.0904
18805	0.099	0.008	0.000	-0.0001	0.0002	0.1070
18805	0.099	0.008	0.000	-0.0001	0.0002	0.1070
18824	0.203	0.009	0.000	-0.0001	0.0002	0.1136
18846	0.260	0.009	0.000	-0.0001	0.0002	0.1229
18863	0.261	0.009	0.000	-0.0001	0.0003	0.1240
18880	0.239	0.010	0.000	-0.0001	0.0002	0.1344
18900	0.222	0.010	0.000	-0.0001	0.0002	0.1365
18923	0.214	0.013	-0.000	-0.0001	0.0002	0.1454
18947	0.194	0.015	-0.000	-0.0001	0.0001	0.1512
18960	0.132	0.015	-0.000	-0.0001	0.0001	0.1590
18989	0.069	0.012	-0.000	-0.0001	0.0000	0.1661
19001	0.026	0.009	-0.000	-0.0001	0.0000	0.1699
19050	-0.075	-0.003	-0.000	-0.0001	-0.0000	0.1911
19052	-0.075	-0.003	-0.000	-0.0001	-0.0000	0.1911
19060	-0.075	-0.003	-0.000	-0.0001	-0.0000	0.1911
19080	-0.031	-0.006	-0.000	-0.0001	-0.0000	0.2003
19119	0.064	-0.010	-0.000	-0.0001	-0.0000	0.2178
19121	0.064	-0.010	-0.000	-0.0001	-0.0000	0.2178
19141	0.065	-0.013	-0.000	-0.0001	-0.0000	0.2315
19180	0.071	-0.007	-0.000	-0.0001	0.0001	0.2420
19182	0.071	-0.007	-0.000	-0.0001	0.0001	0.2420
19201	0.071	-0.007	-0.000	-0.0001	0.0001	0.2420
19229	0.069	0.004	-0.000	-0.0001	0.0000	0.2653
19259	0.050	0.009	-0.000	-0.0001	0.0001	0.2656
19268	0.043	0.010	-0.000	-0.0001	0.0001	0.2682
19280	0.043	0.010	-0.000	-0.0001	0.0001	0.2682
19300	-0.007	0.012	-0.000	-0.0001	0.0001	0.2836
19334	-0.122	0.013	-0.000	-0.0001	0.0002	0.2910
19340	-0.122	0.013	-0.000	-0.0001	0.0002	0.2910
19367	-0.015	0.012	-0.000	-0.0000	0.0003	0.3063
19391	0.005	0.011	-0.000	-0.0000	0.0004	0.3186
19401	0.005	0.011	-0.000	-0.0000	0.0004	0.3186
19439	-0.047	0.013	-0.000	0.0000	0.0005	0.3502
19442	-0.047	0.013	-0.000	0.0000	0.0005	0.3502
19460	-0.047	0.013	-0.000	0.0000	0.0005	0.3502
19510	0.187	0.025	-0.000	0.0000	0.0007	0.3936
19510	0.187	0.025	-0.000	0.0000	0.0007	0.3936
19537	0.200	0.032	-0.000	0.0001	0.0007	0.4179
19554	0.170	0.036	-0.000	0.0001	0.0007	0.4251
19561	0.124	0.038	-0.000	0.0001	0.0007	0.4332
19602	0.005	0.048	-0.000	0.0001	0.0007	0.4572
19626	-0.013	0.044	-0.000	0.0001	0.0007	0.4714
19630	-0.024	0.040	-0.000	0.0001	0.0007	0.4810
19640	-0.024	0.040	-0.000	0.0001	0.0007	0.4810
19685	-0.100	0.008	-0.000	0.0001	0.0008	0.5136
19688	-0.100	0.008	-0.000	0.0001	0.0008	0.5136
19702	-0.105	-0.004	-0.000	0.0001	0.0008	0.5274
19758	-0.107	-0.019	-0.000	0.0002	0.0009	0.5525
19758	-0.107	-0.019	-0.000	0.0002	0.0009	0.5525
19760	-0.107	-0.019	-0.000	0.0002	0.0009	0.5525
19804	0.005	-0.012	-0.000	0.0002	0.0011	0.5889
19810	0.005	-0.012	-0.000	0.0002	0.0011	0.5889
19832	-0.033	-0.003	-0.000	0.0002	0.0011	0.6071
19850	-0.084	0.007	-0.000	0.0002	0.0012	0.6249
19864	-0.133	0.013	-0.000	0.0002	0.0012	0.6369
19881	-0.228	0.016	-0.000	0.0002	0.0013	0.6511
19902	-0.276	0.016	-0.000	0.0002	0.0013	0.6596
19947	-0.176	0.011	-0.000	0.0002	0.0015	0.6989
19947	-0.176	0.011	-0.000	0.0002	0.0015	0.6989
19977	-0.059	0.005	-0.000	0.0003	0.0016	0.7170
19980	-0.022	0.003	-0.000	0.0003	0.0017	0.7273
20000	0.028	0.002	-0.000	0.0003	0.0018	0.7431
20027	0.021	0.010	-0.000	0.0003	0.0019	0.7618
20041	0.017	0.016	-0.000	0.0003	0.0019	0.7715
20061	0.018	0.020	-0.000	0.0003	0.0019	0.7811
20083	0.018	0.020	-0.000	0.0003	0.0019	0.7811
20100	0.018	0.020	-0.000	0.0003	0.0019	0.7811
20159	0.165	0.045	-0.000	0.0002	0.0021	0.8444
20170	0.165	0.045	-0.000	0.0002	0.0021	0.8444
20195	0.182	0.045	-0.000	0.0002	0.0021	0.8721
20197	0.182	0.045	-0.000	0.0002	0.0021	0.8721
20201	0.182	0.045	-0.000	0.0002	0.0021	0.8714
20242	0.102	0.039	-0.000	0.0002	0.0021	0.9062
20244	0.102	0.039	-0.000	0.0002	0.0021	0.9081
20261	0.088	0.031	-0.000	0.0002	0.0021	0.9297
20300	0.115	0.019	-0.000	0.0002	0.0021	0.9653
20302	0.115	0.019	-0.000	0.0002	0.0021	0.9653
20320	0.129	0.016	-0.000	0.0002	0.0021	0.9776
20342	0.092	0.005	-0.000	0.0002	0.0020	1.0128
20366	0.049	0.000	-0.000	0.0002	0.0020	1.0282
20393	0.016	-0.005	-0.000	0.0002	0.0021	1.0483
20401	0.006	-0.008	-0.000	0.0002	0.0021	1.0579
20423	-0.041	-0.017	-0.000	0.0002	0.0021	1.0768
20441	-0.050	-0.021	-0.000	0.0002	0.0021	1.0875
20486	0.022	-0.028	-0.000	0.0003	0.0022	1.1381
20488	0.022	-0.028	-0.000	0.0003	0.0022	1.1381
20501	0.022	-0.028	-0.000	0.0003	0.0022	1.1381
20555	0.102	-0.007	-0.000	0.0003	0.0023	1.1979
20567	0.083	-0.005	-0.000	0.0003	0.0024	1.2072
20567	0.083	-0.005	-0.000	0.0003	0.0024	1.2072
20598	-0.005	-0.004	-0.000	0.0004	0.0024	1.2410
20600	-0.005	-0.004	-0.000	0.0004	0.0024	1.2410
20621	-0.005	-0.004	-0.000	0.0004	0.0024	1.2410
20673	-0.164	-0.020	-0.000	0.0004	0.0025	1.3022
20675	-0.164	-0.020	-0.000	0.0004	0.0025	1.3022
20681	-0.164	-0.020	-0.000	0.0004	0.0025	1.3022
20708	-0.117	-0.032	-0.000	0.0005	0.0026	1.3345
20722	-0.093	-0.032	-0.000	0.0005	0.0026	1.3419
20740	-0.061	-0.030	-0.000	0.0005	0.0027	1.3587
20775	-0.062	-0.014	-0.000	0.0005	0.0028	1.3879
20781	-0.062	-0.014	-0.000	0.0005	0.0028	1.3896
20803	-0.019	-0.001	-0.000	0.0006	0.0029	1.4155
20826	0.044	0.006	-0.000	0.0006	0.0030	1.4329
20846	0.067	0.012	-0.000	0.0006	0.0030	1.4512
20861	0.063	0.014	-0.000	0.0006	0.0030	1.4600
20925	0.040	0.031	-0.000	0.0007	0.0031	1.5138
20925	0.040	0.031	-0.000	0.0007	0.0031	1.5138
20927	0.040	0.031	-0.000	0.0007	0.0031	1.5138
20983	0.051	0.035	-0.000	0.0007	0.0032	1.5610
20983	0.051	0.035	-0.000	0.0007	0.0032	1.5610
20983	0.051	0.035	-0.000	0.0007	0.0032	1.5610
21001	0.051	0.035	-0.000	0.0007	0.0032	1.5615
21060	-0.176	0.030	-0.000	0.0008	0.0032	1.6119
21060	-0.176	0.030	-0.000	0.0008	0.0032	1.6119
21060	-0.176	0.030	-0.000	0.0008	0.0032	1.6119
21085	-0.160	0.023	-0.000	0.0008	0.0033	1.6293
21123	-0.032	0.006	-0.000	0.0008	0.0033	1.6554
21125	-0.032	0.006	-0.000	0.0008	0.0033	1.6554
21140	-0.032	0.006	-0.000	0.0008	0.0033	1.6554
21161	0.081	-0.008	-0.000	0.0008	0.0034	1.6800
21196	0.100	-0.009	-0.000	0.0008	0.0035	1.7007
21200	0.100	-0.009	-0.000	0.0008	0.0035	1.7007
21245	0.141	0.005	-0.000	0.0009	0.0035	1.7349
21252	0.141	0.005	-0.000	0.0009	0.0035	1.7367
21270	0.109	0.007	-0.000	0.0009	0.0035	1.7466
21281	0.072	0.011	-0.000	0.0009	0.0036	1.7601
21316	0.076	0.013	-0.000	0.0010	0.0036	1.7851
21320	0.076	0.013	-0.000	0.0010	0.0036	1.7851
21340	0.040	0.010	-0.000	0.0010	0.0036	1.8053
21360	0.010	0.007	-0.000	0.0010	0.0036	1.8155
21398	-0.091	0.000	-0.000	0.0011	0.0036	1.8414
21400	-0.091	0.000	-0.000	0.0011	0.0036	1.8414
21430	-0.115	-0.003	-0.000	0.0011	0.0036	1.8573
21442	-0.099	-0.006	-0.000	0.0011	0.0036	1.8721
21488	-0.025	-0.007	-0.000	0.0012	0.0037	1.8998
21490	-0.025	-0.007	-0.000	0.0012	0.0037	1.8998
21500	-0.025	-0.007	-0.000	0.0012	0.0037	1.8998
21520	-0.025	-0.007	-0.000	0.0012	0.0037	1.8998
21540	-0.025	-0.007	-0.000	0.0012	0.0037	1.8998
21560	-0.025	-0.007	-0.000	0.0012	0.0037	1.8998
21580	-0.025	-0.007	-0.000	0.0012	0.0037	1.8998
21621	-0.178	-0.001	-0.000	0.0013	0.0038	1.9373
21628	-0.186	0.000	-0.000	0.0013	0.0038	1.9407
21642	-0.177	0.002	-0.000	0.0013	0.0039	1.9476
21683	-0.085	0.008	-0.000	0.0014	0.0040	1.9777
21683	-0.085	0.008	-0.000	0.0014	0.0040	1.9777
21710	-0.148	0.010	-0.000	0.0014	0.0040	1.9890
21730	-0.220	0.014	-0.000	0.0014	0.0041	2.0045
21744	-0.228	0.016	-0.000	0.0014	0.0041	2.0127
21761	-0.228	0.016	-0.000	0.0014	0.0041	2.0127
21789	-0.193	0.020	-0.000	0.0015	0.0042	2.0295
21807	-0.102	0.019	-0.000	0.0015	0.0042	2.0367
21850	0.031	0.017	-0.000	0.0016	0.0043	2.0524
21852	0.031	0.017	-0.000	0.0016	0.0043	2.0524
21860	0.031	0.017	-0.000	0.0016	0.0043	2.0542
21880	0.043	0.017	-0.000	0.0016	0.0043	2.0576
21902	0.047	0.017	-0.000	0.0016	0.0044	2.0643
21929	0.061	0.020	-0.000	0.0016	0.0044	2.0684
21940	0.064	0.020	-0.000	0.0016	0.0044	2.0703
21961	0.067	0.021	-0.000	0.0016	0.0044	2.0745
22015	0.049	0.021	-0.000	0.0017	0.0044	2.0871
22017	0.049	0.021	-0.000	0.0017	0.0044	2.0871
22020	0.049	0.021	-0.000	0.0017	0.0044	2.0871
22040	0.049	0.021	-0.000	0.0017	0.0044	2.0871
22076	0.054	0.016	-0.000	0.0017	0.0044	2.0964
22080	0.054	0.016	-0.000	0.0017	0.0044	2.0964
22101	0.008	0.011	-0.000	0.0017	0.0044	2.0998
22148	0.023	0.010	-0.000	0.0018	0.0044	2.1119
22148	0.023	0.010	-0.000	0.0018	0.0044	2.1119
22161	0.041	0.008	-0.000	0.0018	0.0044	2.1167
22205	0.116	-0.002	-0.000	0.0018	0.0044	2.1260
22207	0.116	-0.002	-0.000	0.0018	0.0044	2.1260
22221	0.101	-0.005	-0.000	0.0018	0.0044	2.1296
22255	0.011	-0.009	-0.000	0.0018	0.0044	2.1348
22267	-0.022	-0.009	-0.000	0.0018	0.0044	2.1352
22312	0.022	-0.005	-0.000	0.0018	0.0043	2.1379
22314	0.022	-0.005	-0.000	0.0018	0.0043	2.1379
22320	0.022	-0.005	-0.000	0.0018	0.0043	2.1379
22347	0.060	-0.008	-0.000	0.0019	0.0043	2.1350
22385	0.032	-0.013	-0.000	0.0019	0.0043	2.1359
22385	0.032	-0.013	-0.000	0.0019	0.0043	2.1359
22400	0.039	-0.013	-0.000	0.0019	0.0043	2.1384
22445	0.077	-0.010	-0.000	0.0019	0.0043	2.1375
22445	0.077	-0.010	-0.000	0.0019	0.0043	2.1375
22493	-0.040	-0.010	-0.000	0.0020	0.0043	2.1366
22495	-0.040	-0.010	-0.000	0.0020	0.0043	2.1366
22501	-0.040	-0.010	-0.000	0.0020	0.0043	2.1366
22522	-0.007	-0.008	-0.000	0.0020	0.0042	2.1285
22570	0.064	-0.008	0.001	0.0020	0.0042	2.1300
22570	0.064	-0.008	0.001	0.0020	0.0042	2.1300
22584	0.064	-0.008	0.001	0.0020	0.0043	2.1320
22616	-0.023	-0.010	0.001	0.0020	0.0042	2.1290
22620	-0.023	-0.010	0.001	0.0020	0.0042	2.1290
22671	-0.091	-0.010	0.001	0.0021	0.0042	2.1228
22671	-0.091	-0.010	0.001	0.0021	0.0042	2.1228
22728	-0.129	-0.009	0.001	0.0021	0.0042	2.1107
22728	-0.129	-0.009	0.001	0.0021	0.0042	2.1107
22732	-0.129	-0.009	0.001	0.0021	0.0042	2.1107
22740	-0.129	-0.009	0.001	0.0021	0.0042	2.1107
22768	-0.032	-0.005	0.001	0.0021	0.0042	2.1015
22782	-0.032	-0.005	0.001	0.0021	0.0042	2.1015
22801	0.114	0.001	0.001	0.0021	0.0042	2.0940
22824	0.190	0.003	0.001	0.0021	0.0042	2.0880
22840	0.182	0.003	0.001	0.0021	0.0042	2.0857
22860	0.138	0.003	0.001	0.0021	0.0042	2.0827
22906	0.102	0.003	0.001	0.0021	0.0041	2.0754
22939	0.057	-0.007	0.001	0.0022	0.0040	2.0676
22941	0.057	-0.007	0.001	0.0022	0.0040	2.0676
22941	0.057	-0.007	0.001	0.0022	0.0040	2.0676
22988	0.153	-0.161	-0.002	0.0022	0.0040	2.0607
22991	0.153	-0.161	-0.002	0.0022	0.0040	2.0607
23000	0.153	-0.161	-0.002	0.0022	0.0040	2.0607
23066	2.306	-2.356	0.007	0.0022	0.0039	2.0456
23066	2.306	-2.356	0.007	0.0022	0.0039	2.0456
23066	2.306	-2.356	0.007	0.0022	0.0039	2.0456
23080	2.981	-3.187	0.013	0.0025	0.0035	2.0378
23122	3.459	-3.943	-0.003	0.0031	0.0030	2.0309
23124	3.459	-3.943	-0.003	0.0031	0.0030	2.0309
23150	3.459	-4.022	-0.029	0.0037	0.0024	2.0255
23169	3.442	-4.066	-0.059	0.0047	0.0015	2.0189
23188	3.360	-4.021	-0.077	0.0048	0.0013	2.0164
23215	3.275	-3.926	-0.106	0.0059	0.0004	2.0071
23221	3.244	-3.895	-0.115	0.0068	-0.0003	2.0023
23240	3.189	-3.857	-0.122	0.0074	-0.0009	1.9988
23288	2.775	-3.610	-0.141	0.0100	-0.0032	1.9825
23290	2.775	-3.610	-0.141	0.0100	-0.0032	1.9825
23335	2.468	-3.259	-0.142	0.0118	-0.0046	1.9680
23335	2.468	-3.259	-0.142	0.0118	-0.0046	1.9680
23341	2.454	-3.200	-0.141	0.0133	-0.0059	1.9634
23370	2.313	-3.017	-0.133	0.0142	-0.0066	1.9554
23386	2.163	-2.914	-0.126	0.0155	-0.0077	1.9492
23402	2.005	-2.836	-0.116	0.0176	-0.0093	1.9426
23431	1.797	-2.653	-0.104	0.0173	-0.0091	1.9361
23442	1.757	-2.601	-0.099	0.0181	-0.0097	1.9329
23460	1.740	-2.519	-0.085	0.0219	-0.0127	1.9244
23481	1.627	-2.351	-0.073	0.0223	-0.0130	1.9193
23503	1.560	-2.271	-0.067	0.0221	-0.0128	1.9170
23525	1.484	-2.152	-0.053	0.0231	-0.0135	1.9107
23544	1.498	-2.105	-0.039	0.0255	-0.0153	1.9048
23568	1.437	-1.999	-0.028	0.0248	-0.0147	1.9003
23591	1.445	-1.965	-0.017	0.0261	-0.0157	1.8949
23602	1.444	-1.937	-0.013	0.0260	-0.0156	1.8921
23625	1.467	-1.926	-0.003	0.0268	-0.0162	1.8862
23649	1.459	-1.948	0.007	0.0280	-0.0171	1.8797
23672	1.449	-1.997	0.016	0.0296	-0.0183	1.8739
23681	1.441	-2.023	0.020	0.0303	-0.0189	1.8711
23724	1.463	-2.073	0.030	0.0310	-0.0195	1.8614
23724	1.463	-2.073	0.030	0.0310	-0.0195	1.8614
23745	1.543	-2.147	0.036	0.0330	-0.0210	1.8554
23766	1.595	-2.212	0.042	0.0350	-0.0226	1.8482
23781	1.580	-2.219	0.043	0.0354	-0.0228	1.8452
23829	1.616	-2.283	0.048	0.0388	-0.0255	1.8332
23831	1.616	-2.283	0.048	0.0388	-0.0255	1.8332
23840	1.608	-2.271	0.048	0.0384	-0.0252	1.8326
23864	1.604	-2.299	0.049	0.0416	-0.0276	1.8262
23881	1.569	-2.268	0.048	0.0415	-0.0275	1.8230
23922	1.578	-2.266	0.048	0.0445	-0.0299	1.8143
23928	1.586	-2.283	0.047	0.0461	-0.0310	1.8127
23943	1.592	-2.275	0.046	0.0475	-0.0321	1.8092
23995	1.562	-2.214	0.042	0.0503	-0.0343	1.7987
23995	1.562	-2.214	0.042	0.0503	-0.0343	1.7987
24001	1.562	-2.214	0.042	0.0503	-0.0343	1.7987
24032	1.372	-2.124	0.039	0.0553	-0.0380	1.7908
24052	1.338	-2.097	0.038	0.0578	-0.0399	1.7873
24060	1.338	-2.097	0.038	0.0578	-0.0399	1.7873
24111	1.389	-2.004	0.036	0.0630	-0.0438	1.7787
24115	1.383	-1.995	0.036	0.0625	-0.0434	1.7781
24121	1.383	-1.995	0.036	0.0625	-0.0434	1.7781
24156	1.335	-1.903	0.031	0.0679	-0.0474	1.7730
24161	1.327	-1.891	0.031	0.0672	-0.0469	1.7723
24186	1.240	-1.815	0.029	0.0690	-0.0482	1.7690
24206	1.202	-1.763	0.028	0.0724	-0.0508	1.7670
24247	1.172	-1.693	0.027	0.0756	-0.0531	1.7618
24247	1.172	-1.693	0.027	0.0756	-0.0531	1.7618
24268	1.159	-1.702	0.027	0.0770	-0.0542	1.7590
24297	1.182	-1.731	0.028	0.0789	-0.0557	1.7556
24302	1.182	-1.731	0.028	0.0789	-0.0557	1.7556
24360	1.203	-1.774	0.033	0.0846	-0.0599	1.7502
24360	1.203	-1.774	0.033	0.0846	-0.0599	1.7502
24360	1.203	-1.774	0.033	0.0846	-0.0599	1.7502
24398	1.335	-1.792	0.038	0.0894	-0.0635	1.7457
24404	1.335	-1.792	0.038	0.0894	-0.0635	1.7457
24420	1.334	-1.795	0.039	0.0907	-0.0644	1.7450
24451	1.279	-1.779	0.044	0.0958	-0.0682	1.7422
24464	1.265	-1.772	0.045	0.0969	-0.0691	1.7415
24480	1.254	-1.766	0.047	0.0988	-0.0704	1.7410
24517	1.245	-1.705	0.051	0.1035	-0.0739	1.7382
24524	1.245	-1.691	0.052	0.1049	-0.0749	1.7377
24540	1.247	-1.673	0.054	0.1066	-0.0762	1.7373
24592	1.229	-1.558	0.060	0.1131	-0.0811	1.7340
24592	1.229	-1.558	0.060	0.1131	-0.0811	1.7340
24608	1.252	-1.548	0.061	0.1145	-0.0821	1.7337
24650	1.356	-1.497	0.065	0.1202	-0.0864	1.7321
24650	1.356	-1.497	0.065	0.1202	-0.0864	1.7321
24661	1.337	-1.486	0.065	0.1212	-0.0871	1.7312
24681	1.236	-1.457	0.066	0.1245	-0.0897	1.7314
24755	1.150	-1.309	0.067	0.1328	-0.0960	1.7283
24755	1.150	-1.309	0.067	0.1328	-0.0960	1.7283
24755	1.150	-1.309	0.067	0.1328	-0.0960	1.7283
24761	1.150	-1.309	0.067	0.1328	-0.0960	1.7283
24793	1.384	-1.282	0.069	0.1397	-0.1012	1.7288
24814	1.395	-1.266	0.068	0.1426	-0.1033	1.7284
24821	1.395	-1.266	0.068	0.1426	-0.1033	1.7284
24863	1.277	-1.179	0.066	0.1487	-0.1081	1.7285
24863	1.277	-1.179	0.066	0.1487	-0.1081	1.7285
24883	1.168	-1.130	0.065	0.1510	-0.1099	1.7280
24905	1.034	-1.075	0.064	0.1543	-0.1125	1.7287
24925	0.896	-1.023	0.063	0.1565	-0.1141	1.7281
24948	0.848	-0.996	0.064	0.1588	-0.1160	1.7277
24963	0.883	-0.990	0.065	0.1608	-0.1175	1.7280
24997	0.987	-1.004	0.067	0.1648	-0.1205	1.7277
25002	0.987	-1.004	0.067	0.1648	-0.1205	1.7277
25021	0.991	-1.036	0.069	0.1681	-0.1231	1.7286
25040	0.981	-1.065	0.071	0.1709	-0.1252	1.7288
25061	0.992	-1.091	0.072	0.1736	-0.1272	1.7290
25082	1.005	-1.111	0.076	0.1769	-0.1298	1.7298
25113	1.017	-1.135	0.080	0.1815	-0.1333	1.7308
25121	1.017	-1.135	0.080	0.1813	-0.1331	1.7305
25164	1.119	-1.175	0.085	0.1879	-0.1382	1.7320
25164	1.119	-1.175	0.085	0.1879	-0.1382	1.7320
25182	1.280	-1.176	0.087	0.1929	-0.1421	1.7342
25216	1.401	-1.160	0.088	0.1966	-0.1449	1.7345
25220	1.401	-1.160	0.088	0.1966	-0.1449	1.7345
25248	1.330	-1.093	0.086	0.2028	-0.1498	1.7367
25281	1.185	-1.000	0.084	0.2071	-0.1531	1.7375
25283	1.185	-1.000	0.084	0.2071	-0.1531	1.7375
25308	1.131	-0.927	0.083	0.2110	-0.1562	1.7384
25343	1.120	-0.883	0.081	0.2155	-0.1598	1.7396
25345	1.120	-0.883	0.081	0.2155	-0.1598	1.7396
25363	1.142	-0.868	0.081	0.2181	-0.1618	1.7404
25383	1.162	-0.848	0.081	0.2228	-0.1657	1.7419
25402	1.157	-0.843	0.080	0.2238	-0.1663	1.7420
25426	1.180	-0.839	0.080	0.2281	-0.1698	1.7434
25447	1.171	-0.845	0.080	0.2313	-0.1723	1.7444
25460	1.173	-0.853	0.081	0.2312	-0.1722	1.7444
25488	1.036	-0.849	0.080	0.2377	-0.1776	1.7467
25525	0.990	-0.850	0.080	0.2419	-0.1809	1.7482
25525	0.990	-0.850	0.080	0.2419	-0.1809	1.7482
25540	0.993	-0.849	0.080	0.2444	-0.1830	1.7492
25580	1.068	-0.841	0.082	0.2507	-0.1880	1.7516
25580	1.068	-0.841	0.082	0.2507	-0.1880	1.7516
25622	1.171	-0.843	0.085	0.2566	-0.1927	1.7538
25624	1.171	-0.843	0.085	0.2566	-0.1927	1.7538
25640	1.183	-0.849	0.085	0.2583	-0.1940	1.7544
25673	1.183	-0.850	0.088	0.2653	-0.1998	1.7570
25683	1.183	-0.850	0.088	0.2653	-0.1998	1.7570
25736	1.260	-0.854	0.091	0.2740	-0.2068	1.7603
25736	1.260	-0.854	0.091	0.2740	-0.2068	1.7603
25740	1.260	-0.854	0.091	0.2740	-0.2068	1.7603
25794	1.201	-0.805	0.090	0.2850	-0.2160	1.7640
25794	1.201	-0.812	0.090	0.2848	-0.2158	1.7641
25800	1.201	-0.812	0.090	0.2848	-0.2158	1.7641
25837	1.097	-0.751	0.089	0.2908	-0.2209	1.7660
25841	1.097	-0.751	0.089	0.2908	-0.2209	1.7660
25860	0.990	-0.707	0.090	0.2952	-0.2246	1.7674
25885	0.919	-0.662	0.091	0.2983	-0.2272	1.7683
25926	0.950	-0.574	0.092	0.3044	-0.2322	1.7703
25926	0.950	-0.574	0.092	0.3044	-0.2322	1.7703
25945	0.948	-0.553	0.093	0.3076	-0.2349	1.7712
25973	0.929	-0.559	0.095	0.3115	-0.2381	1.7726
25981	0.929	-0.559	0.095	0.3115	-0.2381	1.7726
26034	1.028	-0.643	0.100	0.3220	-0.2470	1.7758
26034	1.028	-0.643	0.100	0.3220	-0.2470	1.7758
26041	1.028	-0.643	0.100	0.3220	-0.2470	1.7758
26062	1.165	-0.668	0.101	0.3257	-0.2502	1.7768
26094	1.273	-0.689	0.102	0.3306	-0.2544	1.7784
26101	1.273	-0.689	0.102	0.3306	-0.2544	1.7784
26156	1.180	-0.678	0.102	0.3393	-0.2619	1.7811
26156	1.180	-0.678	0.102	0.3393	-0.2619	1.7811
26165	1.180	-0.678	0.102	0.3393	-0.2619	1.7811
26203	1.139	-0.741	0.102	0.3458	-0.2674	1.7832
26203	1.139	-0.741	0.102	0.3458	-0.2674	1.7832
26221	1.226	-0.772	0.103	0.3499	-0.2711	1.7840
26249	1.266	-0.811	0.104	0.3536	-0.2742	1.7851
26260	1.285	-0.819	0.104	0.3555	-0.2759	1.7855
26310	1.289	-0.820	0.100	0.3632	-0.2826	1.7875
26310	1.289	-0.820	0.100	0.3632	-0.2826	1.7875
26328	1.276	-0.796	0.098	0.3667	-0.2857	1.7881
26347	1.285	-0.751	0.096	0.3711	-0.2897	1.7887
26367	1.257	-0.714	0.095	0.3747	-0.2929	1.7895
26382	1.234	-0.678	0.094	0.3776	-0.2957	1.7896
26408	1.191	-0.622	0.093	0.3810	-0.2986	1.7902
26422	1.170	-0.597	0.093	0.3823	-0.2997	1.7906
26446	1.108	-0.545	0.092	0.3860	-0.3031	1.7911
26475	1.000	-0.478	0.090	0.3910	-0.3076	1.7919
26488	0.978	-0.469	0.090	0.3926	-0.3089	1.7923
26504	0.964	-0.462	0.090	0.3951	-0.3112	1.7925
26522	0.974	-0.461	0.089	0.3990	-0.3150	1.7927
26541	1.007	-0.463	0.088	0.4022	-0.3180	1.7930
26564	1.026	-0.464	0.087	0.4045	-0.3198	1.7938
26585	1.031	-0.469	0.085	0.4084	-0.3237	1.7939
26603	1.007	-0.466	0.085	0.4096	-0.3247	1.7941
26625	0.960	-0.468	0.083	0.4134	-0.3282	1.7945
26650	0.945	-0.487	0.083	0.4160	-0.3305	1.7950
26665	0.953	-0.500	0.083	0.4174	-0.3316	1.7953
26714	1.098	-0.613	0.085	0.4253	-0.3390	1.7960
26716	1.098	-0.613	0.085	0.4253	-0.3390	1.7960
26724	1.099	-0.620	0.085	0.4252	-0.3387	1.7962
26740	1.192	-0.673	0.086	0.4289	-0.3424	1.7962
26789	1.202	-0.750	0.088	0.4348	-0.3477	1.7969
26789	1.202	-0.750	0.088	0.4348	-0.3477	1.7969
26801	1.243	-0.768	0.088	0.4371	-0.3499	1.7969
26862	1.308	-0.794	0.088	0.4452	-0.3575	1.7973
26862	1.308	-0.794	0.088	0.4452	-0.3575	1.7973
26862	1.308	-0.794	0.088	0.4452	-0.3575	1.7973
26906	1.148	-0.797	0.088	0.4518	-0.3636	1.7977
26910	1.133	-0.803	0.088	0.4535	-0.3653	1.7977
26920	1.133	-0.803	0.088	0.4535	-0.3653	1.7977
26944	1.103	-0.821	0.088	0.4587	-0.3705	1.7973
26980	1.108	-0.832	0.088	0.4628	-0.3739	1.7979
26980	1.108	-0.832	0.088	0.4628	-0.3739	1.7979
27001	1.120	-0.827	0.088	0.4652	-0.3764	1.7978
27025	1.068	-0.798	0.087	0.4702	-0.3811	1.7978
27044	1.029	-0.781	0.085	0.4732	-0.3839	1.7977
27078	1.041	-0.774	0.083	0.4777	-0.3881	1.7979
27082	1.041	-0.774	0.083	0.4775	-0.3878	1.7980
27100	1.050	-0.773	0.082	0.4809	-0.3910	1.7979
27125	1.045	-0.771	0.080	0.4839	-0.3939	1.7977
27160	1.062	-0.762	0.079	0.4886	-0.3982	1.7977
27160	1.062	-0.762	0.079	0.4886	-0.3982	1.7977
27211	1.159	-0.750	0.078	0.4970	-0.4062	1.7974
27211	1.159	-0.750	0.078	0.4970	-0.4062	1.7974
27221	1.159	-0.750	0.078	0.4970	-0.4062	1.7974
27269	1.197	-0.738	0.078	0.5050	-0.4138	1.7969
27269	1.197	-0.738	0.078	0.5050	-0.4138	1.7969
27280	1.197	-0.738	0.078	0.5050	-0.4138	1.7969
27302	1.226	-0.729	0.077	0.5121	-0.4209	1.7961
27324	1.177	-0.708	0.077	0.5153	-0.4241	1.7958
27340	1.132	-0.694	0.076	0.5165	-0.4251	1.7959
27376	0.948	-0.635	0.075	0.5221	-0.4307	1.7954
27383	0.933	-0.624	0.075	0.5232	-0.4317	1.7954
27401	0.913	-0.615	0.075	0.5247	-0.4331	1.7954
27421	0.853	-0.606	0.075	0.5287	-0.4371	1.7950
27451	0.846	-0.610	0.075	0.5315	-0.4398	1.7949
27464	0.885	-0.627	0.075	0.5335	-0.4418	1.7947
27484	0.980	-0.658	0.075	0.5378	-0.4461	1.7942
27503	1.007	-0.666	0.075	0.5390	-0.4472	1.7942
27521	1.040	-0.687	0.075	0.5426	-0.4508	1.7937
27581	1.093	-0.725	0.075	0.5493	-0.4572	1.7931
27583	1.093	-0.725	0.075	0.5493	-0.4572	1.7931
27585	1.093	-0.725	0.075	0.5493	-0.4572	1.7931
27614	1.106	-0.749	0.075	0.5538	-0.4617	1.7925
27623	1.103	-0.752	0.075	0.5557	-0.4636	1.7922
27648	1.111	-0.768	0.076	0.5588	-0.4667	1.7918
27672	1.107	-0.787	0.076	0.5623	-0.4702	1.7912
27680	1.103	-0.795	0.076	0.5639	-0.4718	1.7911
27700	1.137	-0.803	0.076	0.5671	-0.4750	1.7906
27755	1.192	-0.803	0.076	0.5753	-0.4832	1.7895
27755	1.192	-0.803	0.076	0.5753	-0.4832	1.7895
27765	1.165	-0.802	0.076	0.5769	-0.4849	1.7893
27813	0.992	-0.767	0.075	0.5838	-0.4917	1.7885
27815	0.992	-0.767	0.075	0.5838	-0.4917	1.7885
27826	0.968	-0.760	0.075	0.5859	-0.4938	1.7882
27852	0.965	-0.749	0.075	0.5913	-0.4993	1.7875
27868	0.959	-0.753	0.075	0.5933	-0.5013	1.7873
27890	0.930	-0.736	0.074	0.5963	-0.5043	1.7868
27927	0.883	-0.672	0.074	0.6032	-0.5113	1.7859
27927	0.883	-0.672	0.074	0.6032	-0.5113	1.7859
27980	0.715	-0.578	0.075	0.6106	-0.5186	1.7849
27980	0.715	-0.578	0.075	0.6106	-0.5186	1.7849
27980	0.715	-0.578	0.075	0.6106	-0.5186	1.7849
28008	0.678	-0.526	0.077	0.6156	-0.5237	1.7842
28023	0.695	-0.503	0.077	0.6194	-0.5276	1.7837
28040	0.695	-0.503	0.077	0.6193	-0.5274	1.7837
28085	0.820	-0.449	0.077	0.6291	-0.5373	1.7823
28085	0.820	-0.449	0.077	0.6291	-0.5373	1.7823
28122	0.698	-0.414	0.076	0.6349	-0.5432	1.7815
28124	0.698	-0.414	0.076	0.6349	-0.5432	1.7815
28141	0.594	-0.385	0.075	0.6394	-0.5477	1.7810
28210	0.626	-0.239	0.082	0.6484	-0.5582	1.7797
28212	0.626	-0.239	0.082	0.6484	-0.5582	1.7797
28225	0.650	-0.230	0.082	0.6500	-0.5599	1.7795
28263	0.713	-0.219	0.081	0.6547	-0.5643	1.7789
28263	0.713	-0.219	0.081	0.6547	-0.5643	1.7789
28263	0.713	-0.219	0.081	0.6547	-0.5643	1.7789
28285	0.756	-0.264	0.082	0.6582	-0.5681	1.7785
28420	0.810	-0.496	0.073	0.6780	-0.5881	1.7759
28422	0.810	-0.496	0.073	0.6780	-0.5881	1.7759
28425	0.813	-0.503	0.073	0.6780	-0.5881	1.7759
28425	0.813	-0.503	0.073	0.6780	-0.5881	1.7759
28427	0.813	-0.503	0.073	0.6780	-0.5881	1.7759
28427	0.813	-0.503	0.073	0.6780	-0.5881	1.7759
28429	0.813	-0.503	0.073	0.6780	-0.5881	1.7759
28442	0.489	-0.234	0.062	0.6798	-0.5900	1.7757
28482	-1.511	1.682	0.024	0.6873	-0.5977	1.7751
28484	-1.511	1.682	0.024	0.6873	-0.5977	1.7751
28501	-2.120	2.399	0.008	0.6906	-0.6012	1.7749
28522	-2.357	2.701	-0.004	0.6925	-0.6030	1.7747
28592	-3.113	3.581	-0.090	0.7025	-0.6134	1.7739
28596	-3.113	3.581	-0.090	0.7025	-0.6134	1.7739
28596	-3.113	3.581	-0.090	0.7025	-0.6134	1.7739
28600	-3.113	3.581	-0.090	0.7025	-0.6134	1.7739
28629	-3.354	3.885	-0.120	0.7066	-0.6177	1.7734
28642	-3.385	3.976	-0.127	0.7081	-0.6193	1.7731
28665	-3.322	3.984	-0.135	0.7095	-0.6208	1.7728
28688	-3.186	3.954	-0.145	0.7114	-0.6229	1.7725
28700	-3.165	3.928	-0.145	0.7116	-0.6230	1.7724
28720	-2.928	3.809	-0.161	0.7141	-0.6261	1.7718
28742	-2.750	3.677	-0.166	0.7153	-0.6276	1.7714
28780	-2.369	3.362	-0.173	0.7179	-0.6303	1.7710
28782	-2.369	3.362	-0.173	0.7179	-0.6303	1.7710
28832	-1.703	2.733	-0.168	0.7221	-0.6351	1.7703
28832	-1.703	2.733	-0.168	0.7221	-0.6351	1.7703
28841	-1.703	2.733	-0.168	0.7221	-0.6351	1.7703
28894	-0.923	2.163	-0.135	0.7260	-0.6404	1.7696
28896	-0.923	2.163	-0.135	0.7260	-0.6404	1.7696
28900	-0.923	2.163	-0.135	0.7260	-0.6404	1.7696
28925	-0.791	1.985	-0.119	0.7287	-0.6434	1.7694
28955	-0.730	1.857	-0.097	0.7309	-0.6464	1.7691
28961	-0.730	1.857	-0.097	0.7309	-0.6464	1.7691
28983	-0.682	1.778	-0.082	0.7325	-0.6487	1.7689
29003	-0.640	1.744	-0.075	0.7333	-0.6498	1.7688
29031	-0.490	1.635	-0.056	0.7364	-0.6536	1.7686
29040	-0.459	1.617	-0.051	0.7371	-0.6546	1.7685
29086	-0.425	1.535	-0.035	0.7415	-0.6595	1.7682
29126	-0.460	1.553	-0.024	0.7456	-0.6646	1.7678
29126	-0.460	1.553	-0.024	0.7456	-0.6646	1.7678
29126	-0.460	1.553	-0.024	0.7456	-0.6646	1.7678
29171	-0.547	1.631	-0.015	0.7490	-0.6692	1.7674
29173	-0.547	1.631	-0.015	0.7490	-0.6692	1.7674
29182	-0.583	1.664	-0.013	0.7497	-0.6703	1.7673
29201	-0.701	1.733	-0.009	0.7511	-0.6724	1.7671
29226	-0.815	1.793	-0.006	0.7529	-0.6748	1.7669
29244	-0.977	1.885	-0.003	0.7544	-0.6772	1.7667
29287	-1.009	1.888	-0.003	0.7577	-0.6810	1.7664
29287	-1.009	1.888	-0.003	0.7577	-0.6810	1.7664
29301	-1.010	1.912	-0.003	0.7579	-0.6818	1.7664
29335	-1.015	1.909	-0.003	0.7607	-0.6854	1.7661
29341	-1.055	1.940	-0.004	0.7609	-0.6863	1.7660
29391	-1.087	1.970	-0.008	0.7630	-0.6901	1.7657
29391	-1.087	1.970	-0.008	0.7630	-0.6901	1.7657
29401	-1.074	1.960	-0.010	0.7638	-0.6910	1.7656
29421	-1.072	1.960	-0.012	0.7642	-0.6918	1.7656
29443	-1.080	1.940	-0.015	0.7652	-0.6937	1.7654
29460	-1.061	1.918	-0.019	0.7658	-0.6953	1.7653
29500	-0.980	1.833	-0.024	0.7672	-0.6975	1.7651
29516	-0.943	1.785	-0.028	0.7677	-0.6989	1.7650
29520	-0.943	1.785	-0.028	0.7677	-0.6989	1.7650
29582	-0.833	1.638	-0.036	0.7692	-0.7022	1.7646
29582	-0.833	1.638	-0.036	0.7692	-0.7022	1.7646
29582	-0.833	1.638	-0.036	0.7692	-0.7022	1.7646
29631	-0.660	1.491	-0.040	0.7703	-0.7048	1.7644
29631	-0.660	1.491	-0.040	0.7703	-0.7048	1.7644
29640	-0.660	1.491	-0.040	0.7703	-0.7048	1.7644
29682	-0.397	1.318	-0.043	0.7711	-0.7079	1.7642
29682	-0.397	1.318	-0.043	0.7711	-0.7079	1.7642
29700	-0.356	1.295	-0.043	0.7711	-0.7085	1.7641
29736	-0.323	1.226	-0.045	0.7718	-0.7104	1.7640
29741	-0.345	1.213	-0.045	0.7719	-0.7110	1.7639
29761	-0.345	1.213	-0.045	0.7719	-0.7110	1.7639
29780	-0.503	1.175	-0.045	0.7715	-0.7129	1.7638
29807	-0.556	1.139	-0.046	0.7720	-0.7140	1.7638
29821	-0.568	1.117	-0.047	0.7723	-0.7146	1.7637
29860	-0.504	1.058	-0.048	0.7724	-0.7162	1.7636
29860	-0.504	1.058	-0.048	0.7724	-0.7162	1.7636
29886	-0.432	1.005	-0.048	0.7726	-0.7173	1.7635
29906	-0.390	0.972	-0.049	0.7726	-0.7183	1.7634
29921	-0.386	0.965	-0.049	0.7726	-0.7188	1.7634
29953	-0.421	0.951	-0.049	0.7729	-0.7200	1.7633
29961	-0.421	0.951	-0.049	0.7729	-0.7200	1.7633
30000	-0.512	0.942	-0.049	0.7729	-0.7216	1.7632
30000	-0.512	0.942	-0.049	0.7729	-0.7216	1.7632
30030	-0.468	0.922	-0.050	0.7728	-0.7227	1.7631
30054	-0.450	0.910	-0.050	0.7731	-0.7236	1.7630
30061	-0.447	0.903	-0.050	0.7729	-0.7239	1.7630
30083	-0.463	0.897	-0.050	0.7728	-0.7243	1.7630
30119	-0.437	0.868	-0.050	0.7722	-0.7260	1.7629
30129	-0.421	0.862	-0.050	0.7721	-0.7263	1.7629
30143	-0.396	0.853	-0.051	0.7719	-0.7267	1.7629
30179	-0.249	0.810	-0.051	0.7713	-0.7278	1.7628
30187	-0.249	0.810	-0.051	0.7715	-0.7279	1.7628
30206	-0.214	0.779	-0.051	0.7713	-0.7287	1.7627
30220	-0.214	0.779	-0.051	0.7713	-0.7287	1.7627
30240	-0.197	0.738	-0.051	0.7707	-0.7293	1.7627
30276	-0.235	0.673	-0.051	0.7702	-0.7306	1.7626
30281	-0.235	0.673	-0.051	0.7702	-0.7306	1.7626
30302	-0.262	0.637	-0.051	0.7698	-0.7315	1.7626
30325	-0.264	0.612	-0.052	0.7695	-0.7322	1.7625
30341	-0.264	0.612	-0.052	0.7696	-0.7322	1.7625
30384	-0.280	0.547	-0.050	0.7684	-0.7340	1.7624
30384	-0.280	0.547	-0.050	0.7684	-0.7340	1.7624
30400	-0.325	0.536	-0.048	0.7677	-0.7345	1.7623
30434	-0.446	0.522	-0.048	0.7671	-0.7357	1.7623
30440	-0.446	0.522	-0.048	0.7671	-0.7357	1.7623
30466	-0.504	0.495	-0.049	0.7660	-0.7364	1.7622
30480	-0.495	0.482	-0.049	0.7659	-0.7367	1.7622
30501	-0.461	0.447	-0.049	0.7654	-0.7373	1.7622
30525	-0.478	0.420	-0.049	0.7648	-0.7378	1.7622
30551	-0.462	0.393	-0.050	0.7643	-0.7384	1.7622
30565	-0.403	0.367	-0.050	0.7637	-0.7388	1.7622
30585	-0.391	0.349	-0.050	0.7632	-0.7392	1.7622
30602	-0.413	0.340	-0.050	0.7630	-0.7395	1.7622
30628	-0.457	0.319	-0.050	0.7621	-0.7401	1.7622
30644	-0.469	0.311	-0.050	0.7617	-0.7403	1.7622
30663	-0.481	0.300	-0.050	0.7612	-0.7405	1.7622
30740	-0.469	0.243	-0.051	0.7589	-0.7420	1.7621
30742	-0.469	0.243	-0.051	0.7589	-0.7420	1.7621
30742	-0.469	0.243	-0.051	0.7589	-0.7420	1.7621
30742	-0.469	0.243	-0.051	0.7589	-0.7420	1.7621
30792	-0.538	0.228	-0.051	0.7573	-0.7428	1.7620
30792	-0.538	0.228	-0.051	0.7573	-0.7428	1.7620
30800	-0.538	0.228	-0.051	0.7573	-0.7428	1.7620
30851	-0.463	0.185	-0.051	0.7551	-0.7436	1.7619
30851	-0.463	0.185	-0.051	0.7551	-0.7436	1.7619
30902	-0.457	0.132	-0.052	0.7531	-0.7444	1.7619
30904	-0.457	0.132	-0.052	0.7531	-0.7444	1.7619
30904	-0.457	0.132	-0.052	0.7531	-0.7444	1.7619
30950	-0.595	0.111	-0.052	0.7512	-0.7450	1.7619
30952	-0.595	0.111	-0.052	0.7512	-0.7450	1.7619
30962	-0.595	0.111	-0.052	0.7512	-0.7450	1.7619
31026	-0.542	0.041	-0.053	0.7485	-0.7456	1.7619
31026	-0.542	0.041	-0.053	0.7485	-0.7456	1.7619
31026	-0.542	0.041	-0.053	0.7485	-0.7456	1.7619
31074	-0.519	0.019	-0.053	0.7468	-0.7461	1.7619
31074	-0.519	0.019	-0.053	0.7468	-0.7461	1.7619
31086	-0.492	0.012	-0.053	0.7463	-0.7461	1.7619
31123	-0.382	-0.009	-0.053	0.7450	-0.7464	1.7619
31124	-0.382	-0.009	-0.053	0.7450	-0.7464	1.7619
31140	-0.400	-0.004	-0.052	0.7445	-0.7465	1.7619
31171	-0.554	-0.003	-0.051	0.7429	-0.7466	1.7618
31182	-0.584	-0.003	-0.051	0.7425	-0.7466	1.7618
31204	-0.616	-0.007	-0.051	0.7418	-0.7469	1.7618
31222	-0.604	-0.009	-0.051	0.7413	-0.7470	1.7618
31242	-0.569	-0.024	-0.051	0.7405	-0.7471	1.7618
31261	-0.553	-0.032	-0.051	0.7401	-0.7471	1.7618
31283	-0.497	-0.056	-0.051	0.7388	-0.7471	1.7618
31304	-0.461	-0.056	-0.049	0.7380	-0.7472	1.7618
31322	-0.456	-0.050	-0.049	0.7380	-0.7473	1.7618
31362	-0.459	-0.057	-0.046	0.7362	-0.7473	1.7618
31366	-0.457	-0.054	-0.045	0.7358	-0.7473	1.7618
31380	-0.472	-0.049	-0.045	0.7353	-0.7473	1.7618
31402	-0.489	-0.040	-0.044	0.7347	-0.7473	1.7617
31448	-0.519	-0.052	-0.044	0.7330	-0.7474	1.7617
31448	-0.519	-0.052	-0.044	0.7330	-0.7474	1.7617
31496	-0.543	-0.025	-0.042	0.7313	-0.7476	1.7616
31496	-0.543	-0.025	-0.042	0.7313	-0.7476	1.7616
31501	-0.547	-0.022	-0.041	0.7309	-0.7475	1.7616
31529	-0.589	-0.024	-0.040	0.7299	-0.7474	1.7616
31543	-0.590	-0.020	-0.040	0.7295	-0.7474	1.7616
31565	-0.581	-0.017	-0.040	0.7287	-0.7474	1.7616
31586	-0.556	-0.029	-0.040	0.7276	-0.7474	1.7615
31619	-0.490	-0.031	-0.040	0.7267	-0.7475	1.7615
31621	-0.490	-0.031	-0.040	0.7267	-0.7475	1.7615
31645	-0.472	-0.047	-0.040	0.7254	-0.7473	1.7615
31663	-0.482	-0.039	-0.040	0.7249	-0.7473	1.7615
31680	-0.538	-0.050	-0.040	0.7238	-0.7470	1.7614
31703	-0.555	-0.058	-0.040	0.7230	-0.7469	1.7614
31746	-0.596	-0.084	-0.040	0.7213	-0.7467	1.7614
31746	-0.596	-0.084	-0.040	0.7213	-0.7467	1.7614
31760	-0.596	-0.084	-0.040	0.7213	-0.7467	1.7614
31785	-0.548	-0.112	-0.041	0.7198	-0.7465	1.7614
31801	-0.507	-0.126	-0.041	0.7193	-0.7465	1.7614
31832	-0.428	-0.156	-0.041	0.7179	-0.7462	1.7614
31867	-0.460	-0.173	-0.041	0.7166	-0.7460	1.7613
31867	-0.460	-0.173	-0.041	0.7166	-0.7460	1.7613
31880	-0.456	-0.167	-0.041	0.7166	-0.7461	1.7613
31917	-0.519	-0.169	-0.041	0.7149	-0.7457	1.7613
31921	-0.519	-0.169	-0.041	0.7149	-0.7457	1.7613
31942	-0.528	-0.168	-0.041	0.7141	-0.7455	1.7613
31990	-0.530	-0.169	-0.041	0.7120	-0.7453	1.7612
31990	-0.530	-0.169	-0.041	0.7120	-0.7453	1.7612
32006	-0.535	-0.169	-0.041	0.7116	-0.7452	1.7612
32025	-0.522	-0.164	-0.041	0.7107	-0.7449	1.7611
32042	-0.526	-0.158	-0.041	0.7101	-0.7449	1.7611
32064	-0.543	-0.159	-0.041	0.7093	-0.7446	1.7611
32094	-0.507	-0.139	-0.040	0.7078	-0.7444	1.7610
32104	-0.492	-0.137	-0.040	0.7074	-0.7442	1.7610
32135	-0.430	-0.147	-0.040	0.7059	-0.7438	1.7609
32142	-0.430	-0.147	-0.040	0.7059	-0.7438	1.7609
32161	-0.401	-0.152	-0.040	0.7054	-0.7436	1.7609
32214	-0.351	-0.210	-0.037	0.7027	-0.7428	1.7608
32216	-0.351	-0.210	-0.037	0.7027	-0.7428	1.7608
32220	-0.351	-0.210	-0.037	0.7027	-0.7428	1.7608
32267	-0.427	-0.230	-0.035	0.7008	-0.7422	1.7607
32270	-0.427	-0.230	-0.035	0.7008	-0.7422	1.7607
32281	-0.409	-0.239	-0.035	0.7003	-0.7421	1.7607
32338	-0.432	-0.253	-0.035	0.6982	-0.7415	1.7607
32338	-0.432	-0.253	-0.035	0.6982	-0.7415	1.7607
32340	-0.432	-0.253	-0.035	0.6982	-0.7415	1.7607
32374	-0.461	-0.239	-0.035	0.6970	-0.7412	1.7606
32392	-0.462	-0.219	-0.035	0.6965	-0.7412	1.7606
32405	-0.463	-0.216	-0.035	0.6960	-0.7408	1.7606
32421	-0.456	-0.210	-0.034	0.6952	-0.7405	1.7605
32441	-0.507	-0.207	-0.034	0.6944	-0.7402	1.7605
32497	-0.514	-0.206	-0.034	0.6923	-0.7396	1.7604
32497	-0.514	-0.206	-0.034	0.6923	-0.7396	1.7604
32501	-0.514	-0.206	-0.034	0.6923	-0.7396	1.7604
32524	-0.517	-0.211	-0.034	0.6914	-0.7391	1.7604
32561	-0.566	-0.212	-0.034	0.6900	-0.7386	1.7603
32561	-0.566	-0.212	-0.034	0.6900	-0.7386	1.7603
32590	-0.561	-0.219	-0.034	0.6891	-0.7380	1.7603
32602	-0.555	-0.219	-0.034	0.6882	-0.7376	1.7602
32620	-0.555	-0.219	-0.034	0.6882	-0.7377	1.7602
32641	-0.576	-0.222	-0.034	0.6873	-0.7371	1.7602
32660	-0.576	-0.223	-0.034	0.6864	-0.7367	1.7601
32681	-0.551	-0.228	-0.034	0.6856	-0.7362	1.7601
32728	-0.467	-0.240	-0.034	0.6840	-0.7354	1.7600
32728	-0.467	-0.240	-0.034	0.6840	-0.7354	1.7600
32740	-0.467	-0.240	-0.034	0.6840	-0.7354	1.7600
32766	-0.480	-0.233	-0.034	0.6825	-0.7339	1.7599
32801	-0.401	-0.219	-0.034	0.6816	-0.7339	1.7599
32801	-0.401	-0.219	-0.034	0.6816	-0.7339	1.7599
32852	-0.378	-0.205	-0.033	0.6799	-0.7331	1.7598
32852	-0.378	-0.205	-0.033	0.6799	-0.7331	1.7598
32861	-0.363	-0.205	-0.033	0.6796	-0.7329	1.7598
32907	-0.299	-0.188	-0.033	0.6781	-0.7322	1.7597
32907	-0.299	-0.188	-0.033	0.6781	-0.7322	1.7597
32922	-0.344	-0.185	-0.033	0.6774	-0.7315	1.7597
32945	-0.391	-0.174	-0.032	0.6770	-0.7314	1.7596
32963	-0.447	-0.168	-0.032	0.6762	-0.7312	1.7596
32986	-0.416	-0.170	-0.032	0.6754	-0.7305	1.7595
33006	-0.399	-0.180	-0.032	0.6748	-0.7302	1.7595
33020	-0.409	-0.183	-0.032	0.6744	-0.7301	1.7595
33045	-0.405	-0.197	-0.032	0.6734	-0.7293	1.7595
33061	-0.391	-0.202	-0.032	0.6731	-0.7291	1.7595
33081	-0.391	-0.202	-0.032	0.6730	-0.7292	1.7595
33106	-0.328	-0.225	-0.032	0.6717	-0.7282	1.7594
33149	-0.349	-0.209	-0.032	0.6706	-0.7278	1.7593
33151	-0.349	-0.209	-0.032	0.6706	-0.7278	1.7593
33163	-0.396	-0.192	-0.032	0.6700	-0.7273	1.7593
33190	-0.413	-0.176	-0.031	0.6693	-0.7269	1.7592
33211	-0.412	-0.170	-0.031	0.6686	-0.7263	1.7592
33221	-0.412	-0.170	-0.031	0.6686	-0.7263	1.7592
33245	-0.451	-0.170	-0.031	0.6674	-0.7253	1.7591
33272	-0.507	-0.169	-0.031	0.6667	-0.7250	1.7591
33331	-0.509	-0.169	-0.031	0.6649	-0.7236	1.7590
33331	-0.509	-0.169	-0.031	0.6649	-0.7236	1.7590
33333	-0.509	-0.169	-0.031	0.6649	-0.7236	1.7590
33344	-0.470	-0.174	-0.031	0.6645	-0.7233	1.7589
33373	-0.402	-0.184	-0.031	0.6636	-0.7226	1.7589
33383	-0.372	-0.190	-0.032	0.6632	-0.7223	1.7589
33412	-0.318	-0.200	-0.031	0.6625	-0.7216	1.7588
33423	-0.296	-0.203	-0.031	0.6621	-0.7212	1.7588
33454	-0.320	-0.201	-0.030	0.6612	-0.7205	1.7588
33460	-0.320	-0.201	-0.030	0.6612	-0.7205	1.7588
33481	-0.320	-0.201	-0.030	0.6612	-0.7205	1.7588
33529	-0.402	-0.158	-0.028	0.6594	-0.7190	1.7587
33529	-0.402	-0.158	-0.028	0.6594	-0.7190	1.7587
33541	-0.402	-0.158	-0.028	0.6594	-0.7190	1.7587
33561	-0.402	-0.158	-0.028	0.6594	-0.7190	1.7587
33615	-0.044	-0.144	-0.025	0.6578	-0.7179	1.7586
33616	-0.044	-0.144	-0.025	0.6578	-0.7179	1.7586
33622	-0.044	-0.144	-0.025	0.6578	-0.7179	1.7586
33678	-0.102	-0.095	-0.024	0.6564	-0.7169	1.7586
33687	-0.195	-0.080	-0.023	0.6561	-0.7166	1.7586
33687	-0.195	-0.080	-0.023	0.6561	-0.7166	1.7586
33735	-0.530	-0.023	-0.025	0.6550	-0.7161	1.7586
33735	-0.530	-0.023	-0.025	0.6550	-0.7161	1.7586
33741	-0.577	-0.018	-0.026	0.6547	-0.7158	1.7586
33794	-0.416	-0.073	-0.033	0.6532	-0.7145	1.7586
33794	-0.416	-0.073	-0.033	0.6532	-0.7145	1.7586
33803	-0.396	-0.086	-0.034	0.6529	-0.7142	1.7586
33835	-0.373	-0.108	-0.037	0.6521	-0.7136	1.7586
33840	-0.400	-0.114	-0.039	0.6518	-0.7132	1.7586
33867	-0.507	-0.112	-0.041	0.6511	-0.7126	1.7585
33904	-0.517	-0.117	-0.044	0.6499	-0.7114	1.7585
33904	-0.517	-0.117	-0.044	0.6498	-0.7114	1.7585
33920	-0.465	-0.131	-0.045	0.6493	-0.7107	1.7585
33943	-0.446	-0.138	-0.046	0.6489	-0.7104	1.7585
33970	-0.446	-0.154	-0.046	0.6480	-0.7094	1.7584
33982	-0.446	-0.154	-0.046	0.6480	-0.7094	1.7584
34000	-0.411	-0.167	-0.046	0.6474	-0.7087	1.7584
34037	-0.361	-0.181	-0.046	0.6463	-0.7075	1.7583
34041	-0.361	-0.181	-0.046	0.6463	-0.7075	1.7583
34062	-0.293	-0.188	-0.046	0.6458	-0.7070	1.7583
34097	-0.199	-0.196	-0.046	0.6449	-0.7061	1.7582
34100	-0.199	-0.196	-0.046	0.6449	-0.7061	1.7582
34157	-0.233	-0.175	-0.042	0.6433	-0.7044	1.7581
34157	-0.233	-0.175	-0.042	0.6433	-0.7044	1.7581
34161	-0.233	-0.175	-0.042	0.6433	-0.7044	1.7581
34183	-0.228	-0.164	-0.040	0.6426	-0.7035	1.7580
34227	-0.244	-0.153	-0.038	0.6418	-0.7028	1.7580
34227	-0.244	-0.153	-0.038	0.6418	-0.7028	1.7580
34245	-0.232	-0.148	-0.037	0.6413	-0.7022	1.7580
34285	-0.239	-0.134	-0.034	0.6403	-0.7011	1.7579
34287	-0.239	-0.134	-0.034	0.6403	-0.7011	1.7579
34301	-0.273	-0.125	-0.034	0.6400	-0.7007	1.7579
34321	-0.330	-0.110	-0.032	0.6395	-0.7001	1.7579
34344	-0.359	-0.097	-0.031	0.6388	-0.6994	1.7579
34360	-0.359	-0.097	-0.031	0.6388	-0.6995	1.7579
34401	-0.277	-0.105	-0.031	0.6375	-0.6982	1.7578
34404	-0.277	-0.105	-0.031	0.6375	-0.6982	1.7578
34426	-0.245	-0.108	-0.031	0.6369	-0.6973	1.7578
34470	-0.182	-0.113	-0.031	0.6359	-0.6963	1.7577
34472	-0.182	-0.113	-0.031	0.6359	-0.6963	1.7577
34515	-0.172	-0.118	-0.030	0.6345	-0.6948	1.7576
34515	-0.172	-0.118	-0.030	0.6345	-0.6948	1.7576
34521	-0.172	-0.118	-0.030	0.6345	-0.6948	1.7576
34563	-0.170	-0.122	-0.028	0.6333	-0.6935	1.7575
34563	-0.170	-0.122	-0.028	0.6333	-0.6935	1.7575
34625	-0.207	-0.131	-0.025	0.6316	-0.6915	1.7574
34625	-0.207	-0.131	-0.025	0.6316	-0.6915	1.7574
34625	-0.207	-0.131	-0.025	0.6316	-0.6915	1.7574
34678	-0.095	-0.175	-0.025	0.6299	-0.6894	1.7573
34680	-0.095	-0.175	-0.025	0.6299	-0.6894	1.7573
34680	-0.095	-0.175	-0.025	0.6299	-0.6894	1.7573
34701	-0.064	-0.187	-0.025	0.6293	-0.6887	1.7573
34724	-0.054	-0.195	-0.025	0.6288	-0.6880	1.7572
34740	-0.061	-0.196	-0.025	0.6285	-0.6877	1.7572
34790	-0.134	-0.194	-0.025	0.6272	-0.6862	1.7571
34790	-0.134	-0.194	-0.025	0.6272	-0.6862	1.7571
34801	-0.134	-0.194	-0.025	0.6272	-0.6862	1.7571
34838	-0.119	-0.197	-0.025	0.6259	-0.6845	1.7570
34840	-0.119	-0.197	-0.025	0.6259	-0.6845	1.7570
34861	-0.119	-0.197	-0.025	0.6259	-0.6845	1.7570
34882	-0.051	-0.206	-0.025	0.6250	-0.6833	1.7569
34906	-0.031	-0.206	-0.025	0.6245	-0.6828	1.7569
34920	-0.031	-0.206	-0.025	0.6245	-0.6828	1.7569
34944	-0.072	-0.194	-0.025	0.6237	-0.6817	1.7568
34962	-0.159	-0.176	-0.025	0.6232	-0.6811	1.7568
34980	-0.179	-0.165	-0.025	0.6228	-0.6805	1.7568
35010	-0.140	-0.162	-0.025	0.6223	-0.6799	1.7568
35020	-0.122	-0.161	-0.025	0.6220	-0.6795	1.7567
35041	-0.148	-0.153	-0.025	0.6215	-0.6789	1.7567
35084	-0.233	-0.129	-0.025	0.6207	-0.6778	1.7567
35084	-0.233	-0.129	-0.025	0.6207	-0.6778	1.7567
35103	-0.256	-0.117	-0.025	0.6201	-0.6768	1.7566
35234	-0.357	-0.077	-0.025	0.6179	-0.6749	1.7565
35236	-0.357	-0.077	-0.025	0.6179	-0.6749	1.7565
35236	-0.357	-0.077	-0.025	0.6179	-0.6749	1.7565
35236	-0.357	-0.077	-0.025	0.6179	-0.6749	1.7565
35236	-0.357	-0.077	-0.025	0.6179	-0.6749	1.7565
35238	-0.357	-0.077	-0.025	0.6179	-0.6749	1.7565
35240	-0.357	-0.077	-0.025	0.6179	-0.6749	1.7565
35287	-1.192	0.185	-0.025	0.6169	-0.6734	1.7564
35289	-1.396	0.276	-0.026	0.6167	-0.6731	1.7564
35301	-1.396	0.276	-0.026	0.6167	-0.6731	1.7564
35344	-2.242	0.658	-0.029	0.6157	-0.6714	1.7565
35346	-2.242	0.658	-0.029	0.6157	-0.6714	1.7565
35361	-2.396	0.738	-0.031	0.6153	-0.6708	1.7566
35381	-2.458	0.782	-0.035	0.6150	-0.6701	1.7566
35403	-2.400	0.815	-0.044	0.6143	-0.6688	1.7566
35422	-2.310	0.815	-0.051	0.6137	-0.6678	1.7566
35464	-2.172	0.811	-0.064	0.6122	-0.6649	1.7566
35464	-2.172	0.811	-0.064	0.6122	-0.6649	1.7566
35480	-2.138	0.809	-0.066	0.6118	-0.6643	1.7566
35548	-1.837	0.766	-0.071	0.6098	-0.6606	1.7564
35548	-1.837	0.766	-0.071	0.6098	-0.6606	1.7564
35548	-1.837	0.766	-0.071	0.6098	-0.6606	1.7564
35604	-1.535	0.664	-0.067	0.6077	-0.6568	1.7562
35604	-1.535	0.664	-0.067	0.6077	-0.6568	1.7562
35604	-1.535	0.664	-0.067	0.6077	-0.6568	1.7562
35628	-1.456	0.636	-0.064	0.6070	-0.6556	1.7562
35644	-1.328	0.599	-0.061	0.6064	-0.6547	1.7561
35660	-1.232	0.572	-0.057	0.6056	-0.6534	1.7561
35685	-1.121	0.539	-0.052	0.6049	-0.6522	1.7561
35700	-1.074	0.526	-0.050	0.6045	-0.6514	1.7561
35727	-0.971	0.488	-0.044	0.6035	-0.6498	1.7560
35740	-0.942	0.476	-0.042	0.6031	-0.6492	1.7560
35761	-0.909	0.459	-0.038	0.6025	-0.6480	1.7560
35783	-0.856	0.434	-0.034	0.6019	-0.6470	1.7560
35839	-0.880	0.414	-0.025	0.6008	-0.6457	1.7561
35839	-0.880	0.414	-0.025	0.6008	-0.6457	1.7561
35843	-0.880	0.414	-0.025	0.6008	-0.6457	1.7561
35860	-0.976	0.440	-0.022	0.5999	-0.6442	1.7561
35884	-1.019	0.464	-0.019	0.5994	-0.6433	1.7561
35907	-1.056	0.487	-0.015	0.5986	-0.6419	1.7560
35924	-1.080	0.496	-0.013	0.5981	-0.6412	1.7560
35952	-1.140	0.503	-0.010	0.5974	-0.6399	1.7560
35971	-1.172	0.507	-0.008	0.5965	-0.6384	1.7560
36012	-1.233	0.516	-0.006	0.5957	-0.6371	1.7560
36012	-1.233	0.516	-0.006	0.5957	-0.6371	1.7560
36020	-1.245	0.523	-0.005	0.5952	-0.6361	1.7560
36072	-1.215	0.537	-0.003	0.5934	-0.6329	1.7559
36072	-1.215	0.537	-0.003	0.5934	-0.6329	1.7559
36080	-1.215	0.537	-0.003	0.5935	-0.6331	1.7559
36154	-1.277	0.553	-0.002	0.5904	-0.6273	1.7558
36173	-1.182	0.541	-0.002	0.5896	-0.6258	1.7558
36179	-1.182	0.541	-0.002	0.5896	-0.6258	1.7558
36183	-1.182	0.541	-0.002	0.5896	-0.6258	1.7558
36185	-1.182	0.541	-0.002	0.5896	-0.6258	1.7558
36201	-1.182	0.541	-0.002	0.5896	-0.6258	1.7558
36238	-1.050	0.516	-0.002	0.5872	-0.6211	1.7557
36240	-1.050	0.516	-0.002	0.5872	-0.6211	1.7557
36261	-1.025	0.506	-0.003	0.5861	-0.6190	1.7558
36300	-0.992	0.486	-0.003	0.5851	-0.6173	1.7558
36300	-0.992	0.486	-0.003	0.5851	-0.6173	1.7558
36382	-1.041	0.473	-0.003	0.5820	-0.6114	1.7557
36382	-1.041	0.473	-0.003	0.5820	-0.6114	1.7557
36384	-1.041	0.473	-0.003	0.5820	-0.6114	1.7557
36386	-1.041	0.473	-0.003	0.5820	-0.6114	1.7557
36419	-1.160	0.491	-0.003	0.5808	-0.6092	1.7557
36422	-1.160	0.491	-0.003	0.5808	-0.6092	1.7557
36452	-1.085	0.483	-0.003	0.5790	-0.6056	1.7557
36460	-1.085	0.483	-0.003	0.5791	-0.6059	1.7557
36480	-0.985	0.467	-0.003	0.5780	-0.6037	1.7557
36500	-0.872	0.439	-0.004	0.5770	-0.6018	1.7557
36523	-0.793	0.411	-0.004	0.5761	-0.6002	1.7556
36558	-0.717	0.373	-0.005	0.5752	-0.5985	1.7556
36560	-0.717	0.373	-0.005	0.5752	-0.5985	1.7556
36581	-0.689	0.355	-0.005	0.5744	-0.5969	1.7556
36613	-0.655	0.346	-0.005	0.5736	-0.5954	1.7556
36621	-0.655	0.346	-0.005	0.5736	-0.5954	1.7556
36646	-0.679	0.353	-0.005	0.5722	-0.5927	1.7555
36666	-0.764	0.374	-0.005	0.5711	-0.5906	1.7555
36686	-0.787	0.383	-0.005	0.5706	-0.5897	1.7555
36701	-0.838	0.399	-0.004	0.5695	-0.5875	1.7555
36752	-0.902	0.411	-0.004	0.5684	-0.5853	1.7555
36754	-0.902	0.411	-0.004	0.5684	-0.5853	1.7555
36764	-0.913	0.412	-0.004	0.5679	-0.5844	1.7555
36780	-0.912	0.411	-0.004	0.5674	-0.5835	1.7555
36807	-0.893	0.403	-0.004	0.5663	-0.5812	1.7554
36823	-0.889	0.403	-0.004	0.5658	-0.5803	1.7554
36856	-0.926	0.413	-0.004	0.5645	-0.5777	1.7554
36861	-0.926	0.413	-0.004	0.5645	-0.5777	1.7554
36881	-0.985	0.426	-0.004	0.5638	-0.5762	1.7554
36901	-1.074	0.450	-0.004	0.5624	-0.5735	1.7554
36927	-1.055	0.451	-0.004	0.5618	-0.5722	1.7554
36941	-1.026	0.447	-0.004	0.5612	-0.5712	1.7553
36964	-0.915	0.426	-0.004	0.5598	-0.5682	1.7553
36988	-0.892	0.412	-0.004	0.5591	-0.5669	1.7553
37005	-0.885	0.400	-0.004	0.5583	-0.5652	1.7553
37022	-0.885	0.400	-0.004	0.5583	-0.5652	1.7553
37060	-0.763	0.354	-0.005	0.5565	-0.5616	1.7553
37060	-0.763	0.354	-0.005	0.5565	-0.5616	1.7553
37082	-0.735	0.342	-0.005	0.5556	-0.5599	1.7552
37115	-0.748	0.333	-0.005	0.5541	-0.5568	1.7552
37125	-0.744	0.331	-0.006	0.5539	-0.5564	1.7552
37149	-0.756	0.331	-0.005	0.5530	-0.5546	1.7552
37160	-0.776	0.334	-0.004	0.5524	-0.5534	1.7551
37181	-0.832	0.344	-0.003	0.5515	-0.5516	1.7551
37226	-0.840	0.350	-0.000	0.5495	-0.5477	1.7551
37226	-0.840	0.350	-0.000	0.5495	-0.5477	1.7551
37248	-0.844	0.349	0.001	0.5489	-0.5464	1.7551
37262	-0.857	0.349	0.002	0.5483	-0.5451	1.7551
37283	-0.895	0.349	0.003	0.5473	-0.5431	1.7551
37300	-0.919	0.349	0.003	0.5462	-0.5408	1.7550
37342	-0.768	0.317	0.003	0.5444	-0.5373	1.7550
37344	-0.768	0.317	0.003	0.5444	-0.5373	1.7550
37362	-0.746	0.307	0.002	0.5439	-0.5362	1.7550
37380	-0.727	0.286	0.002	0.5424	-0.5330	1.7550
37415	-0.720	0.268	0.002	0.5410	-0.5303	1.7550
37425	-0.715	0.263	0.002	0.5405	-0.5292	1.7550
37461	-0.600	0.229	0.002	0.5389	-0.5258	1.7550
37461	-0.600	0.229	0.002	0.5389	-0.5258	1.7550
37484	-0.544	0.205	0.001	0.5377	-0.5233	1.7550
37500	-0.544	0.195	0.001	0.5369	-0.5217	1.7550
37550	-0.563	0.174	0.004	0.5350	-0.5176	1.7550
37550	-0.563	0.174	0.004	0.5350	-0.5176	1.7550
37560	-0.563	0.174	0.004	0.5350	-0.5176	1.7550
37586	-0.550	0.168	0.006	0.5336	-0.5149	1.7549
37613	-0.565	0.171	0.006	0.5327	-0.5129	1.7549
37621	-0.565	0.171	0.006	0.5327	-0.5129	1.7549
37670	-0.741	0.202	0.006	0.5305	-0.5082	1.7549
37670	-0.741	0.202	0.006	0.5305	-0.5082	1.7549
37680	-0.741	0.202	0.006	0.5306	-0.5084	1.7549
37733	-0.712	0.225	0.007	0.5279	-0.5028	1.7548
37733	-0.712	0.225	0.007	0.5279	-0.5028	1.7548
37776	-0.852	0.244	0.007	0.5260	-0.4986	1.7548
37778	-0.852	0.244	0.007	0.5260	-0.4986	1.7548
37780	-0.852	0.244	0.007	0.5260	-0.4986	1.7548
37804	-0.832	0.261	0.007	0.5243	-0.4951	1.7548
37821	-0.807	0.267	0.007	0.5238	-0.4938	1.7548
37849	-0.760	0.270	0.007	0.5222	-0.4906	1.7548
37861	-0.755	0.267	0.007	0.5217	-0.4894	1.7548
37896	-0.765	0.249	0.009	0.5200	-0.4858	1.7548
37900	-0.765	0.249	0.009	0.5200	-0.4858	1.7548
37922	-0.767	0.235	0.010	0.5191	-0.4838	1.7548
37942	-0.759	0.218	0.011	0.5180	-0.4815	1.7548
37965	-0.713	0.198	0.012	0.5170	-0.4792	1.7548
37994	-0.598	0.163	0.013	0.5155	-0.4760	1.7547
38014	-0.570	0.146	0.012	0.5145	-0.4739	1.7547
38027	-0.583	0.143	0.012	0.5139	-0.4727	1.7547
38042	-0.593	0.142	0.012	0.5134	-0.4716	1.7547
38067	-0.580	0.134	0.012	0.5120	-0.4686	1.7546
38112	-0.553	0.117	0.012	0.5100	-0.4643	1.7546
38114	-0.553	0.117	0.012	0.5100	-0.4643	1.7546
38121	-0.549	0.112	0.012	0.5094	-0.4632	1.7546
38143	-0.554	0.106	0.012	0.5084	-0.4608	1.7546
38187	-0.584	0.102	0.012	0.5066	-0.4570	1.7545
38187	-0.584	0.102	0.012	0.5066	-0.4570	1.7545
38202	-0.596	0.103	0.012	0.5061	-0.4558	1.7545
38226	-0.648	0.108	0.012	0.5048	-0.4531	1.7544
38240	-0.671	0.112	0.012	0.5042	-0.4517	1.7544
38262	-0.664	0.116	0.012	0.5033	-0.4499	1.7544
38309	-0.585	0.113	0.012	0.5013	-0.4455	1.7544
38309	-0.585	0.113	0.012	0.5013	-0.4455	1.7544
38321	-0.585	0.113	0.012	0.5013	-0.4455	1.7544
38367	-0.555	0.107	0.012	0.4991	-0.4408	1.7544
38367	-0.555	0.107	0.012	0.4991	-0.4408	1.7544
38380	-0.555	0.107	0.012	0.4991	-0.4408	1.7544
38438	-0.742	0.155	0.013	0.4960	-0.4342	1.7543
38438	-0.742	0.155	0.013	0.4960	-0.4342	1.7543
38440	-0.742	0.155	0.013	0.4960	-0.4342	1.7543
38475	-0.692	0.157	0.013	0.4945	-0.4309	1.7543
38485	-0.681	0.157	0.013	0.4941	-0.4300	1.7543
38522	-0.684	0.159	0.013	0.4924	-0.4264	1.7543
38524	-0.684	0.159	0.013	0.4924	-0.4264	1.7543
38541	-0.678	0.159	0.013	0.4918	-0.4254	1.7543
38560	-0.626	0.156	0.013	0.4909	-0.4233	1.7543
38582	-0.532	0.145	0.013	0.4896	-0.4206	1.7542
38615	-0.463	0.134	0.013	0.4882	-0.4175	1.7542
38653	-0.546	0.144	0.013	0.4865	-0.4141	1.7542
38653	-0.546	0.144	0.013	0.4865	-0.4141	1.7542
38660	-0.546	0.144	0.013	0.4865	-0.4141	1.7542
38685	-0.668	0.158	0.013	0.4850	-0.4107	1.7542
38730	-0.731	0.160	0.013	0.4828	-0.4059	1.7541
38732	-0.731	0.160	0.013	0.4828	-0.4059	1.7541
38740	-0.731	0.160	0.013	0.4828	-0.4061	1.7541
38793	-0.612	0.120	0.013	0.4800	-0.4000	1.7541
38795	-0.612	0.120	0.013	0.4800	-0.4000	1.7541
38812	-0.605	0.113	0.013	0.4795	-0.3990	1.7541
38830	-0.600	0.107	0.013	0.4785	-0.3968	1.7541
38841	-0.604	0.106	0.013	0.4780	-0.3957	1.7541
38881	-0.644	0.111	0.013	0.4761	-0.3914	1.7540
38881	-0.644	0.111	0.013	0.4761	-0.3914	1.7540
38900	-0.645	0.112	0.013	0.4755	-0.3902	1.7540
38927	-0.615	0.106	0.013	0.4741	-0.3872	1.7539
38944	-0.616	0.104	0.013	0.4735	-0.3857	1.7539
38962	-0.626	0.102	0.013	0.4724	-0.3834	1.7539
38982	-0.628	0.102	0.013	0.4719	-0.3823	1.7539
39003	-0.629	0.100	0.013	0.4708	-0.3798	1.7538
39033	-0.617	0.098	0.013	0.4695	-0.3770	1.7538
39041	-0.617	0.098	0.013	0.4695	-0.3770	1.7538
39089	-0.550	0.092	0.013	0.4668	-0.3709	1.7538
39089	-0.550	0.092	0.013	0.4668	-0.3709	1.7538
39117	-0.544	0.092	0.013	0.4659	-0.3689	1.7538
39125	-0.544	0.092	0.013	0.4659	-0.3689	1.7538
39151	-0.535	0.093	0.013	0.4640	-0.3645	1.7538
39161	-0.535	0.093	0.013	0.4641	-0.3648	1.7538
39209	-0.551	0.106	0.013	0.4622	-0.3606	1.7538
39209	-0.551	0.106	0.013	0.4622	-0.3606	1.7538
39221	-0.551	0.106	0.013	0.4622	-0.3606	1.7538
39276	-0.599	0.126	0.013	0.4594	-0.3543	1.7537
39276	-0.599	0.126	0.013	0.4594	-0.3543	1.7537
39280	-0.599	0.126	0.013	0.4594	-0.3543	1.7537
39324	-0.558	0.133	0.014	0.4570	-0.3490	1.7536
39324	-0.558	0.133	0.014	0.4570	-0.3490	1.7536
39342	-0.558	0.135	0.014	0.4566	-0.3480	1.7536
39370	-0.579	0.143	0.014	0.4552	-0.3450	1.7536
39381	-0.613	0.148	0.014	0.4547	-0.3438	1.7536
39400	-0.655	0.154	0.014	0.4540	-0.3421	1.7535
39447	-0.710	0.161	0.014	0.4515	-0.3364	1.7535
39449	-0.710	0.161	0.014	0.4515	-0.3364	1.7535
39461	-0.710	0.161	0.014	0.4515	-0.3364	1.7535
39492	-0.683	0.156	0.014	0.4500	-0.3332	1.7535
39505	-0.665	0.152	0.014	0.4496	-0.3321	1.7535
39521	-0.662	0.148	0.014	0.4491	-0.3311	1.7535
39564	-0.772	0.151	0.014	0.4467	-0.3255	1.7534
39564	-0.772	0.151	0.014	0.4467	-0.3255	1.7534
39584	-0.710	0.148	0.014	0.4457	-0.3233	1.7535
39605	-0.651	0.142	0.014	0.4452	-0.3223	1.7535
39621	-0.597	0.136	0.013	0.4446	-0.3210	1.7535
39641	-0.548	0.126	0.011	0.4432	-0.3174	1.7535
39663	-0.532	0.122	0.010	0.4423	-0.3155	1.7535
39686	-0.533	0.118	0.008	0.4411	-0.3127	1.7535
39736	-0.517	0.111	0.007	0.4394	-0.3089	1.7535
39738	-0.524	0.110	0.007	0.4388	-0.3075	1.7535
39740	-0.524	0.110	0.007	0.4388	-0.3075	1.7535
39760	-0.550	0.109	0.007	0.4379	-0.3054	1.7535
39792	-0.621	0.110	0.007	0.4368	-0.3031	1.7535
39801	-0.626	0.112	0.007	0.4363	-0.3018	1.7535
39821	-0.635	0.124	0.007	0.4353	-0.2994	1.7535
39851	-0.606	0.134	0.008	0.4338	-0.2960	1.7534
39860	-0.588	0.134	0.008	0.4334	-0.2950	1.7534
39893	-0.560	0.130	0.007	0.4321	-0.2921	1.7534
39902	-0.558	0.126	0.007	0.4316	-0.2910	1.7534
39957	-0.542	0.115	0.007	0.4291	-0.2851	1.7533
39957	-0.542	0.115	0.007	0.4291	-0.2851	1.7533
39963	-0.542	0.115	0.007	0.4291	-0.2851	1.7533
40011	-0.442	0.090	0.007	0.4268	-0.2798	1.7533
40011	-0.442	0.090	0.007	0.4268	-0.2798	1.7533
40022	-0.442	0.088	0.007	0.4265	-0.2791	1.7533
40052	-0.502	0.090	0.007	0.4252	-0.2761	1.7534
40077	-0.596	0.107	0.007	0.4238	-0.2730	1.7534
40083	-0.596	0.107	0.007	0.4238	-0.2730	1.7534
40119	-0.549	0.111	0.007	0.4225	-0.2700	1.7534
40135	-0.551	0.110	0.007	0.4216	-0.2679	1.7534
40153	-0.582	0.111	0.007	0.4211	-0.2667	1.7534
40163	-0.607	0.112	0.007	0.4205	-0.2652	1.7534
40182	-0.615	0.114	0.007	0.4194	-0.2627	1.7534
40200	-0.607	0.116	0.007	0.4190	-0.2621	1.7534
40238	-0.571	0.120	0.008	0.4176	-0.2586	1.7534
40243	-0.567	0.121	0.008	0.4172	-0.2578	1.7535
40261	-0.576	0.123	0.008	0.4167	-0.2566	1.7535
40314	-0.549	0.129	0.008	0.4140	-0.2504	1.7534
40316	-0.549	0.129	0.008	0.4140	-0.2504	1.7534
40344	-0.576	0.137	0.008	0.4132	-0.2485	1.7534
40344	-0.576	0.137	0.008	0.4132	-0.2485	1.7534
40370	-0.605	0.144	0.008	0.4118	-0.2452	1.7534
40392	-0.613	0.146	0.008	0.4108	-0.2428	1.7533
40409	-0.633	0.152	0.008	0.4098	-0.2407	1.7533
40423	-0.636	0.155	0.008	0.4093	-0.2394	1.7533
40474	-0.553	0.150	0.008	0.4075	-0.2353	1.7532
40476	-0.553	0.150	0.008	0.4075	-0.2353	1.7532
40482	-0.556	0.148	0.008	0.4068	-0.2337	1.7532
40515	-0.594	0.148	0.008	0.4057	-0.2310	1.7532
40531	-0.658	0.155	0.008	0.4045	-0.2283	1.7532
40544	-0.657	0.159	0.008	0.4040	-0.2270	1.7532
40571	-0.617	0.161	0.008	0.4031	-0.2250	1.7532
40603	-0.579	0.160	0.008	0.4019	-0.2223	1.7533
40605	-0.579	0.160	0.008	0.4019	-0.2223	1.7533
40626	-0.555	0.155	0.008	0.4008	-0.2198	1.7533
40640	-0.512	0.147	0.008	0.3999	-0.2177	1.7533
40672	-0.451	0.132	0.008	0.3986	-0.2146	1.7533
40682	-0.451	0.132	0.008	0.3986	-0.2146	1.7533
40705	-0.398	0.125	0.008	0.3975	-0.2122	1.7533
40721	-0.410	0.126	0.008	0.3969	-0.2108	1.7533
40746	-0.488	0.135	0.008	0.3959	-0.2085	1.7533
40763	-0.547	0.144	0.008	0.3950	-0.2064	1.7533
40786	-0.584	0.151	0.008	0.3943	-0.2048	1.7533
40800	-0.596	0.155	0.008	0.3938	-0.2036	1.7533
40822	-0.605	0.161	0.008	0.3929	-0.2015	1.7532
40844	-0.610	0.165	0.008	0.3916	-0.1986	1.7532
40862	-0.607	0.166	0.008	0.3911	-0.1975	1.7532
40887	-0.600	0.168	0.008	0.3902	-0.1953	1.7532
40901	-0.602	0.170	0.008	0.3894	-0.1935	1.7531
40924	-0.585	0.170	0.008	0.3885	-0.1914	1.7531
40951	-0.606	0.173	0.008	0.3869	-0.1877	1.7531
40968	-0.622	0.175	0.008	0.3863	-0.1864	1.7531
40981	-0.640	0.179	0.008	0.3858	-0.1852	1.7531
41000	-0.673	0.185	0.009	0.3849	-0.1830	1.7531
41020	-0.676	0.187	0.009	0.3841	-0.1813	1.7531
41067	-0.650	0.175	0.008	0.3822	-0.1768	1.7531
41069	-0.650	0.175	0.008	0.3822	-0.1768	1.7531
41113	-0.628	0.166	0.008	0.3800	-0.1718	1.7531
41113	-0.628	0.166	0.008	0.3800	-0.1718	1.7531
41121	-0.628	0.166	0.008	0.3800	-0.1718	1.7531
41140	-0.643	0.168	0.008	0.3787	-0.1686	1.7530
41180	-0.605	0.162	0.008	0.3770	-0.1648	1.7530
41180	-0.605	0.162	0.008	0.3770	-0.1648	1.7530
41203	-0.553	0.149	0.008	0.3760	-0.1625	1.7530
41225	-0.529	0.137	0.008	0.3748	-0.1598	1.7530
41242	-0.543	0.133	0.008	0.3739	-0.1576	1.7530
41286	-0.582	0.131	0.008	0.3722	-0.1536	1.7530
41292	-0.576	0.131	0.008	0.3715	-0.1520	1.7530
41300	-0.576	0.131	0.008	0.3715	-0.1520	1.7530
41323	-0.518	0.127	0.008	0.3704	-0.1494	1.7529
41341	-0.479	0.123	0.008	0.3699	-0.1484	1.7529
41362	-0.389	0.112	0.008	0.3686	-0.1452	1.7529
41385	-0.375	0.109	0.008	0.3679	-0.1436	1.7529
41422	-0.434	0.117	0.008	0.3669	-0.1415	1.7529
41424	-0.434	0.117	0.008	0.3669	-0.1415	1.7529
41440	-0.440	0.125	0.008	0.3660	-0.1394	1.7529
41480	-0.404	0.139	0.009	0.3644	-0.1360	1.7529
41480	-0.404	0.139	0.009	0.3644	-0.1360	1.7529
41503	-0.431	0.149	0.009	0.3633	-0.1331	1.7529
41534	-0.500	0.165	0.009	0.3623	-0.1310	1.7529
41540	-0.500	0.165	0.009	0.3623	-0.1312	1.7529
41565	-0.600	0.183	0.009	0.3614	-0.1291	1.7528
41604	-0.755	0.222	0.009	0.3596	-0.1252	1.7528
41647	-0.782	0.239	0.010	0.3576	-0.1208	1.7528
41647	-0.782	0.239	0.010	0.3576	-0.1208	1.7528
41647	-0.782	0.239	0.010	0.3576	-0.1208	1.7528
41699	-0.854	0.259	0.010	0.3553	-0.1155	1.7528
41702	-0.850	0.260	0.010	0.3548	-0.1143	1.7528
41702	-0.850	0.260	0.010	0.3548	-0.1143	1.7528
41740	-0.782	0.251	0.010	0.3530	-0.1103	1.7528
41740	-0.782	0.251	0.010	0.3530	-0.1103	1.7528
41761	-0.734	0.237	0.010	0.3519	-0.1077	1.7528
41780	-0.697	0.228	0.010	0.3514	-0.1064	1.7527
41801	-0.606	0.204	0.010	0.3502	-0.1036	1.7527
41826	-0.549	0.176	0.009	0.3488	-0.1006	1.7527
41841	-0.522	0.168	0.009	0.3484	-0.0995	1.7527
41878	-0.465	0.150	0.009	0.3469	-0.0962	1.7527
41882	-0.470	0.147	0.009	0.3464	-0.0951	1.7527
41902	-0.476	0.144	0.009	0.3459	-0.0941	1.7527
41920	-0.483	0.138	0.009	0.3448	-0.0915	1.7527
41986	-0.420	0.123	0.009	0.3418	-0.0847	1.7527
41986	-0.420	0.123	0.009	0.3418	-0.0847	1.7527
41986	-0.420	0.123	0.009	0.3418	-0.0847	1.7527
42000	-0.420	0.119	0.009	0.3406	-0.0820	1.7527
42030	-0.456	0.114	0.009	0.3392	-0.0790	1.7527
42159	-0.189	0.059	0.007	0.3352	-0.0698	1.7527
42159	-0.189	0.059	0.007	0.3352	-0.0698	1.7527
42159	-0.189	0.059	0.007	0.3352	-0.0698	1.7527
42205	2.403	-1.099	0.002	0.3329	-0.0646	1.7528
42205	2.403	-1.099	0.002	0.3329	-0.0646	1.7528
42205	2.403	-1.099	0.002	0.3329	-0.0646	1.7528
42207	2.403	-1.099	0.002	0.3329	-0.0646	1.7528
42207	2.403	-1.099	0.002	0.3329	-0.0646	1.7528
42207	2.403	-1.099	0.002	0.3329	-0.0646	1.7528
42229	3.808	-1.841	0.007	0.3316	-0.0619	1.7531
42257	4.332	-2.198	-0.025	0.3303	-0.0589	1.7535
42261	4.332	-2.198	-0.025	0.3303	-0.0589	1.7535
42281	4.382	-2.217	-0.063	0.3297	-0.0574	1.7539
42309	4.440	-2.228	-0.107	0.3291	-0.0561	1.7542
42336	4.509	-2.252	-0.156	0.3285	-0.0547	1.7545
42355	4.559	-2.303	-0.180	0.3282	-0.0540	1.7547
42371	4.550	-2.320	-0.190	0.3282	-0.0538	1.7547
42380	4.550	-2.320	-0.190	0.3282	-0.0538	1.7547
42401	4.431	-2.324	-0.210	0.3279	-0.0531	1.7546
42454	3.723	-2.119	-0.238	0.3272	-0.0514	1.7543
42458	3.723	-2.119	-0.238	0.3272	-0.0514	1.7543
42460	3.723	-2.119	-0.238	0.3272	-0.0514	1.7543
42492	3.114	-1.916	-0.242	0.3275	-0.0516	1.7541
42501	2.959	-1.859	-0.239	0.3272	-0.0510	1.7540
42521	2.840	-1.823	-0.235	0.3273	-0.0510	1.7540
42568	2.266	-1.621	-0.206	0.3265	-0.0487	1.7540
42571	2.266	-1.621	-0.206	0.3265	-0.0487	1.7540
42582	2.215	-1.593	-0.199	0.3265	-0.0486	1.7539
42603	2.094	-1.519	-0.180	0.3264	-0.0479	1.7540
42628	1.980	-1.467	-0.156	0.3268	-0.0481	1.7540
42640	1.911	-1.435	-0.147	0.3265	-0.0472	1.7541
42667	1.788	-1.404	-0.125	0.3267	-0.0470	1.7541
42684	1.674	-1.362	-0.113	0.3261	-0.0456	1.7543
42708	1.570	-1.336	-0.091	0.3261	-0.0449	1.7544
42721	1.557	-1.330	-0.084	0.3262	-0.0447	1.7544
42741	1.506	-1.297	-0.075	0.3256	-0.0434	1.7545
42764	1.478	-1.281	-0.060	0.3258	-0.0431	1.7546
42781	1.435	-1.267	-0.050	0.3258	-0.0425	1.7546
42807	1.479	-1.262	-0.036	0.3257	-0.0416	1.7547
42833	1.484	-1.256	-0.028	0.3254	-0.0406	1.7548
42841	1.484	-1.256	-0.028	0.3254	-0.0406	1.7548
42887	1.510	-1.281	-0.008	0.3253	-0.0390	1.7549
42887	1.510	-1.281	-0.008	0.3253	-0.0390	1.7549
42901	1.510	-1.281	-0.008	0.3253	-0.0390	1.7549
42935	1.588	-1.323	0.005	0.3262	-0.0390	1.7548
42941	1.574	-1.311	0.004	0.3258	-0.0385	1.7549
42965	1.671	-1.317	0.008	0.3256	-0.0377	1.7549
42984	1.736	-1.332	0.009	0.3262	-0.0380	1.7548
43002	1.736	-1.320	0.008	0.3259	-0.0375	1.7549
43064	1.745	-1.307	0.008	0.3262	-0.0368	1.7549
43066	1.745	-1.307	0.008	0.3262	-0.0368	1.7549
43066	1.745	-1.307	0.008	0.3262	-0.0368	1.7549
43081	1.714	-1.303	0.007	0.3263	-0.0367	1.7549
43115	1.719	-1.311	0.006	0.3272	-0.0372	1.7548
43144	1.730	-1.310	0.004	0.3274	-0.0372	1.7548
43148	1.720	-1.318	0.004	0.3277	-0.0375	1.7548
43167	1.693	-1.313	0.003	0.3279	-0.0376	1.7548
43184	1.683	-1.313	0.002	0.3282	-0.0377	1.7547
43202	1.730	-1.308	0.000	0.3290	-0.0385	1.7546
43224	1.753	-1.291	-0.002	0.3296	-0.0389	1.7546
43268	1.656	-1.221	-0.005	0.3307	-0.0400	1.7545
43268	1.656	-1.221	-0.005	0.3307	-0.0400	1.7545
43280	1.656	-1.221	-0.005	0.3307	-0.0400	1.7545
43320	1.450	-1.109	-0.008	0.3330	-0.0422	1.7543
43320	1.450	-1.109	-0.008	0.3330	-0.0422	1.7543
43341	1.391	-1.081	-0.009	0.3332	-0.0424	1.7542
43361	1.282	-1.026	-0.011	0.3343	-0.0435	1.7542
43387	1.220	-0.981	-0.012	0.3350	-0.0443	1.7541
43401	1.204	-0.953	-0.013	0.3354	-0.0446	1.7541
43432	1.216	-0.891	-0.014	0.3366	-0.0458	1.7540
43446	1.175	-0.869	-0.015	0.3375	-0.0468	1.7540
43460	1.140	-0.846	-0.015	0.3375	-0.0467	1.7540
43507	0.999	-0.791	-0.016	0.3388	-0.0480	1.7539
43509	0.999	-0.791	-0.016	0.3388	-0.0480	1.7539
43526	0.997	-0.786	-0.015	0.3400	-0.0494	1.7538
43542	1.096	-0.794	-0.014	0.3406	-0.0500	1.7537
43564	1.200	-0.805	-0.013	0.3414	-0.0508	1.7537
43582	1.213	-0.801	-0.013	0.3421	-0.0515	1.7537
43630	1.038	-0.752	-0.014	0.3438	-0.0534	1.7536
43632	1.038	-0.752	-0.014	0.3438	-0.0534	1.7536
43644	1.012	-0.740	-0.014	0.3445	-0.0542	1.7536
43676	0.972	-0.717	-0.014	0.3451	-0.0548	1.7535
43691	1.000	-0.706	-0.012	0.3462	-0.0561	1.7535
43736	1.085	-0.697	-0.010	0.3481	-0.0581	1.7533
43738	1.085	-0.697	-0.010	0.3481	-0.0581	1.7533
43740	1.085	-0.697	-0.010	0.3481	-0.0581	1.7533
43804	1.192	-0.651	-0.006	0.3515	-0.0621	1.7531
43806	1.192	-0.651	-0.006	0.3515	-0.0621	1.7531
43808	1.192	-0.651	-0.006	0.3515	-0.0621	1.7531
43862	1.037	-0.589	-0.005	0.3535	-0.0644	1.7529
43864	1.037	-0.589	-0.005	0.3535	-0.0644	1.7529
43864	1.037	-0.589	-0.005	0.3535	-0.0644	1.7529
43883	0.941	-0.566	-0.004	0.3544	-0.0656	1.7528
43903	0.785	-0.523	-0.003	0.3559	-0.0675	1.7527
43921	0.748	-0.505	-0.002	0.3568	-0.0686	1.7526
43941	0.764	-0.501	-0.001	0.3572	-0.0689	1.7526
43962	0.801	-0.493	-0.000	0.3583	-0.0703	1.7525
43980	0.847	-0.482	0.001	0.3594	-0.0716	1.7525
44032	0.832	-0.442	0.004	0.3620	-0.0747	1.7524
44032	0.832	-0.442	0.004	0.3620	-0.0747	1.7524
44055	0.813	-0.428	0.005	0.3636	-0.0768	1.7523
44064	0.816	-0.423	0.006	0.3640	-0.0772	1.7523
44086	0.823	-0.417	0.006	0.3645	-0.0778	1.7523
44105	0.851	-0.402	0.008	0.3659	-0.0796	1.7522
44120	0.866	-0.382	0.009	0.3671	-0.0812	1.7522
44140	0.857	-0.368	0.009	0.3678	-0.0819	1.7521
44161	0.864	-0.342	0.010	0.3690	-0.0835	1.7521
44210	0.803	-0.276	0.009	0.3718	-0.0871	1.7519
44212	0.803	-0.276	0.009	0.3718	-0.0871	1.7519
44263	0.772	-0.235	0.010	0.3740	-0.0900	1.7518
44263	0.772	-0.235	0.010	0.3740	-0.0900	1.7518
44263	0.772	-0.235	0.010	0.3740	-0.0900	1.7518
44282	0.807	-0.224	0.011	0.3757	-0.0924	1.7517
44309	0.797	-0.213	0.013	0.3771	-0.0942	1.7517
44321	0.776	-0.207	0.013	0.3776	-0.0948	1.7516
44341	0.777	-0.201	0.014	0.3783	-0.0957	1.7516
44372	0.725	-0.143	0.014	0.3801	-0.0981	1.7515
44381	0.529	-0.061	0.012	0.3807	-0.0990	1.7515
44404	0.156	0.088	0.010	0.3814	-0.0999	1.7515
44443	-1.191	0.631	-0.000	0.3839	-0.1033	1.7516
44443	-1.191	0.631	-0.000	0.3839	-0.1033	1.7516
44476	-1.498	0.803	-0.013	0.3857	-0.1058	1.7518
44485	-1.493	0.818	-0.018	0.3863	-0.1065	1.7519
44510	-1.465	0.823	-0.028	0.3872	-0.1076	1.7519
44568	-1.475	0.885	-0.049	0.3895	-0.1103	1.7512
44568	-1.475	0.885	-0.049	0.3895	-0.1103	1.7512
44568	-1.475	0.885	-0.049	0.3895	-0.1103	1.7512
44596	-1.463	0.940	-0.053	0.3908	-0.1117	1.7499
44600	-1.463	0.940	-0.053	0.3908	-0.1117	1.7499
44629	-1.343	0.951	-0.056	0.3924	-0.1135	1.7474
44640	-1.294	0.935	-0.056	0.3930	-0.1142	1.7463
44671	-1.185	0.908	-0.056	0.3940	-0.1154	1.7443
44723	-0.968	0.870	-0.050	0.3965	-0.1184	1.7378
44723	-0.968	0.870	-0.050	0.3965	-0.1184	1.7378
44723	-0.968	0.870	-0.050	0.3965	-0.1184	1.7378
44773	-0.639	0.819	-0.042	0.3987	-0.1211	1.7325
44773	-0.639	0.819	-0.042	0.3987	-0.1211	1.7325
44785	-0.600	0.822	-0.038	0.3994	-0.1220	1.7283
44807	-0.593	0.823	-0.034	0.4003	-0.1232	1.7242
44820	-0.581	0.813	-0.034	0.4004	-0.1234	1.7250
44841	-0.584	0.822	-0.029	0.4013	-0.1246	1.7207
44863	-0.571	0.832	-0.023	0.4025	-0.1262	1.7163
44881	-0.547	0.836	-0.021	0.4029	-0.1268	1.7145
44902	-0.492	0.836	-0.017	0.4037	-0.1279	1.7104
44921	-0.460	0.831	-0.015	0.4040	-0.1285	1.7086
44971	-0.411	0.801	-0.004	0.4061	-0.1317	1.6992
44971	-0.411	0.801	-0.004	0.4061	-0.1317	1.6992
44981	-0.411	0.801	-0.004	0.4061	-0.1317	1.6992
45038	-0.546	0.783	0.004	0.4083	-0.1350	1.6915
45040	-0.546	0.783	0.004	0.4083	-0.1350	1.6915
45040	-0.546	0.783	0.004	0.4083	-0.1350	1.6915
45062	-0.436	0.761	0.006	0.4090	-0.1360	1.6873
45099	-0.293	0.703	0.007	0.4101	-0.1376	1.6822
45101	-0.293	0.703	0.007	0.4101	-0.1376	1.6822
45122	-0.287	0.678	0.009	0.4112	-0.1394	1.6735
45141	-0.299	0.662	0.009	0.4119	-0.1403	1.6720
45166	-0.355	0.686	0.009	0.4128	-0.1418	1.6632
45198	-0.378	0.692	0.009	0.4142	-0.1436	1.6541
45200	-0.378	0.692	0.009	0.4142	-0.1436	1.6541
45220	-0.378	0.692	0.009	0.4142	-0.1436	1.6541
45268	-0.281	0.737	0.010	0.4165	-0.1474	1.6273
45270	-0.281	0.737	0.010	0.4165	-0.1474	1.6273
45282	-0.281	0.737	0.010	0.4165	-0.1474	1.6273
45340	-0.490	0.814	0.010	0.4183	-0.1505	1.6029
45340	-0.490	0.814	0.010	0.4183	-0.1505	1.6029
45342	-0.490	0.814	0.010	0.4183	-0.1505	1.6029
45371	-0.405	0.835	0.011	0.4190	-0.1517	1.5920
45394	-0.343	0.834	0.011	0.4192	-0.1522	1.5873
45401	-0.301	0.829	0.011	0.4195	-0.1526	1.5846
45431	-0.292	0.807	0.011	0.4202	-0.1538	1.5738
45443	-0.301	0.799	0.011	0.4204	-0.1541	1.5711
45463	-0.306	0.775	0.011	0.4210	-0.1548	1.5672
45484	-0.289	0.759	0.011	0.4214	-0.1555	1.5604
45514	-0.217	0.730	0.011	0.4220	-0.1567	1.5466
45549	-0.175	0.694	0.011	0.4228	-0.1578	1.5346
45549	-0.175	0.694	0.011	0.4228	-0.1578	1.5346
45561	-0.175	0.694	0.011	0.4228	-0.1578	1.5346
45622	-0.162	0.654	0.011	0.4240	-0.1602	1.5038
45622	-0.162	0.654	0.011	0.4240	-0.1602	1.5038
45622	-0.162	0.654	0.011	0.4240	-0.1602	1.5038
45645	-0.122	0.646	0.011	0.4243	-0.1609	1.4945
45662	-0.096	0.642	0.011	0.4245	-0.1617	1.4803
45683	-0.083	0.627	0.011	0.4249	-0.1621	1.4775
45703	-0.044	0.609	0.011	0.4252	-0.1629	1.4659
45743	0.006	0.569	0.011	0.4259	-0.1640	1.4535
45754	-0.013	0.555	0.011	0.4262	-0.1647	1.4437
45760	-0.013	0.555	0.011	0.4262	-0.1647	1.4437
45786	-0.035	0.546	0.011	0.4266	-0.1655	1.4314
45832	-0.058	0.544	0.011	0.4275	-0.1671	1.4082
45858	-0.064	0.542	0.011	0.4280	-0.1679	1.3960
45875	-0.119	0.544	0.011	0.4283	-0.1687	1.3821
45880	-0.119	0.544	0.011	0.4284	-0.1687	1.3826
45882	-0.119	0.544	0.011	0.4284	-0.1687	1.3826
45900	-0.178	0.552	0.011	0.4285	-0.1695	1.3654
45945	-0.245	0.571	0.011	0.4295	-0.1711	1.3400
45947	-0.245	0.571	0.011	0.4295	-0.1711	1.3400
46001	-0.215	0.577	0.011	0.4303	-0.1731	1.3022
46001	-0.215	0.577	0.011	0.4303	-0.1731	1.3022
46001	-0.215	0.577	0.011	0.4303	-0.1731	1.3022
46069	-0.208	0.567	0.011	0.4313	-0.1753	1.2603
46069	-0.208	0.567	0.011	0.4313	-0.1753	1.2603
46069	-0.208	0.567	0.011	0.4313	-0.1753	1.2603
46100	-0.229	0.576	0.011	0.4317	-0.1764	1.2343
46100	-0.229	0.576	0.011	0.4317	-0.1764	1.2343
46148	-0.264	0.572	0.011	0.4324	-0.1781	1.1979
46148	-0.264	0.572	0.011	0.4324	-0.1781	1.1979
46162	-0.248	0.564	0.011	0.4325	-0.1788	1.1797
46197	-0.203	0.555	0.010	0.4328	-0.1801	1.1486
46201	-0.203	0.555	0.010	0.4328	-0.1801	1.1486
46223	-0.181	0.553	0.009	0.4330	-0.1808	1.1316
46241	-0.187	0.547	0.008	0.4331	-0.1815	1.1139
46266	-0.228	0.537	0.008	0.4332	-0.1821	1.0974
46281	-0.243	0.532	0.008	0.4333	-0.1824	1.0902
46301	-0.251	0.512	0.008	0.4333	-0.1831	1.0740
46341	-0.231	0.480	0.008	0.4336	-0.1839	1.0572
46341	-0.231	0.480	0.008	0.4336	-0.1839	1.0572
46383	-0.123	0.431	0.008	0.4338	-0.1849	1.0287
46385	-0.123	0.431	0.008	0.4338	-0.1849	1.0287
46400	-0.132	0.418	0.008	0.4339	-0.1853	1.0201
46423	-0.179	0.401	0.007	0.4339	-0.1857	1.0079
46453	-0.198	0.379	0.007	0.4342	-0.1865	0.9873
46492	-0.257	0.364	0.005	0.4342	-0.1876	0.9506
46499	-0.257	0.364	0.005	0.4343	-0.1877	0.9504
46509	-0.255	0.364	0.005	0.4344	-0.1879	0.9417
46521	-0.255	0.364	0.005	0.4344	-0.1879	0.9417
46547	-0.245	0.353	0.005	0.4342	-0.1887	0.9133
46567	-0.271	0.342	0.005	0.4344	-0.1892	0.8980
46588	-0.272	0.330	0.005	0.4344	-0.1897	0.8816
46621	-0.174	0.311	0.005	0.4345	-0.1903	0.8597
46623	-0.174	0.311	0.005	0.4345	-0.1903	0.8597
46642	-0.139	0.295	0.005	0.4344	-0.1908	0.8411
46669	-0.135	0.281	0.004	0.4345	-0.1913	0.8264
46688	-0.101	0.268	0.003	0.4345	-0.1917	0.8117
46710	-0.069	0.255	0.003	0.4346	-0.1921	0.7986
46753	-0.141	0.239	0.003	0.4348	-0.1931	0.7647
46756	-0.141	0.239	0.003	0.4348	-0.1931	0.7647
46760	-0.141	0.239	0.003	0.4348	-0.1931	0.7647
46782	-0.196	0.242	0.003	0.4347	-0.1935	0.7511
46829	-0.332	0.263	0.003	0.4347	-0.1945	0.7153
46829	-0.332	0.263	0.003	0.4347	-0.1945	0.7153
46844	-0.321	0.265	0.003	0.4347	-0.1947	0.7073
46860	-0.250	0.260	0.003	0.4347	-0.1952	0.6909
46882	-0.234	0.244	0.003	0.4347	-0.1957	0.6722
46900	-0.234	0.244	0.003	0.4347	-0.1957	0.6722
46926	-0.254	0.221	0.003	0.4346	-0.1965	0.6389
46940	-0.237	0.219	0.003	0.4346	-0.1967	0.6321
46960	-0.216	0.216	0.002	0.4346	-0.1970	0.6217
46985	-0.164	0.209	0.002	0.4345	-0.1974	0.6031
47001	-0.122	0.202	0.002	0.4345	-0.1978	0.5898
47026	-0.101	0.190	0.002	0.4345	-0.1981	0.5767
47059	-0.149	0.174	0.002	0.4345	-0.1988	0.5530
47074	-0.167	0.172	0.002	0.4345	-0.1990	0.5443
47084	-0.171	0.171	0.002	0.4344	-0.1992	0.5376
47101	-0.171	0.170	0.002	0.4343	-0.1995	0.5247
47126	-0.174	0.170	0.002	0.4343	-0.1999	0.5110
47140	-0.110	0.170	0.002	0.4342	-0.2003	0.4947
47161	-0.110	0.170	0.002	0.4342	-0.2003	0.4947
47182	-0.005	0.161	0.002	0.4340	-0.2009	0.4686
47200	-0.002	0.156	0.002	0.4340	-0.2010	0.4629
47225	-0.014	0.145	0.002	0.4340	-0.2014	0.4478
47240	-0.020	0.137	0.002	0.4339	-0.2018	0.4341
47267	-0.058	0.132	0.002	0.4339	-0.2022	0.4175
47284	-0.101	0.131	0.002	0.4338	-0.2025	0.4080
47339	-0.158	0.130	0.002	0.4337	-0.2034	0.3710
47340	-0.158	0.130	0.002	0.4337	-0.2034	0.3710
47340	-0.158	0.130	0.002	0.4337	-0.2034	0.3710
47360	-0.181	0.128	0.002	0.4335	-0.2039	0.3500
47387	-0.177	0.126	0.002	0.4335	-0.2043	0.3323
47400	-0.163	0.127	0.002	0.4334	-0.2045	0.3234
47420	-0.163	0.127	0.002	0.4334	-0.2045	0.3234
47473	-0.078	0.117	0.002	0.4330	-0.2057	0.2731
47473	-0.078	0.117	0.002	0.4330	-0.2057	0.2731
47481	-0.078	0.117	0.002	0.4331	-0.2057	0.2728
47518	-0.165	0.104	0.002	0.4329	-0.2063	0.2461
47520	-0.165	0.104	0.002	0.4329	-0.2063	0.2461
47540	-0.195	0.101	0.002	0.4328	-0.2066	0.2323
47586	-0.166	0.099	0.002	0.4326	-0.2073	0.2009
