t_ms,frame_seq,dx,dy,body_fw,body_left,pos_fw,pos_left,confidence
0,78,0,0,0,0,0,0,244
40,79,0,0,0,0,0,0,244
90,80,0,0,0,0,0,0,248
133,81,0,0,0,0,0,0,244
176,82,0,0,0,0,0,0,244
224,83,0,0,0,0,0,0,248
270,84,1,0,-1,0,-1,0,248
312,85,-1,0,1,0,0,0,244
352,86,1,0,-1,0,-1,0,244
393,87,0,0,0,0,-1,0,248
434,88,0,0,0,0,-1,0,248
476,89,0,0,0,0,-1,0,248
520,90,0,0,0,0,-1,0,248
567,91,-1,0,1,0,0,0,248
614,92,-1,0,1,0,1,0,244
654,93,0,0,0,0,1,0,244
697,94,-1,0,1,0,2,0,244
741,95,-2,0,2,0,4,0,244
791,96,1,0,-1,0,3,0,244
833,97,0,1,0,1,3,1,244
873,98,0,0,0,0,3,1,244
913,99,0,0,0,0,3,1,244
953,100,0,0,0,0,3,1,244
993,101,0,0,0,0,3,1,244
1033,102,0,0,0,0,3,1,244
1073,103,-1,0,1,0,4,1,244
1113,104,0,1,0,1,4,2,244
1153,105,0,0,0,0,4,2,244
1193,106,0,0,0,0,4,2,248
1233,107,0,0,0,0,4,2,248
1273,108,0,0,0,0,4,2,248
1313,109,0,0,0,0,4,2,244
1353,110,-1,0,1,0,5,2,244
1393,111,0,0,0,0,5,2,244
1433,112,0,0,0,0,5,2,248
1473,113,0,0,0,0,5,2,248
1513,114,0,0,0,0,5,2,248
1554,115,0,0,0,0,5,2,248
1595,116,0,0,0,0,5,2,248
1640,117,0,0,0,0,5,2,244
1686,118,0,0,0,0,5,2,244
1735,119,0,0,0,0,5,2,244
1776,120,0,0,0,0,5,2,248
1819,121,0,0,0,0,5,2,248
1867,122,0,0,0,0,5,2,244
1912,123,0,0,0,0,5,2,244
1954,124,0,0,0,0,5,2,244
1994,125,0,0,0,0,5,2,248
2036,126,-1,0,1,0,6,2,244
2076,127,0,0,0,0,6,2,244
2121,128,0,0,0,0,6,2,248
2169,129,0,0,0,0,6,2,244
2213,130,0,0,0,0,6,2,248
2254,131,0,0,0,0,6,2,248
2294,132,0,0,0,0,6,2,244
2334,133,0,0,0,0,6,2,240
2374,134,1,0,-1,0,5,2,244
2414,135,0,0,0,0,5,2,248
2454,136,-1,0,1,0,6,2,244
2494,137,1,1,-1,1,5,3,244
2534,138,0,0,0,0,5,3,248
2574,139,0,0,0,0,5,3,248
2614,140,-1,0,1,0,6,3,248
2654,141,0,1,0,1,6,4,244
2694,142,0,0,0,0,6,4,244
2734,143,0,0,0,0,6,4,248
2774,144,0,0,0,0,6,4,244
2814,145,1,0,-1,0,5,4,248
2854,146,0,0,0,0,5,4,248
2894,147,1,0,-1,0,4,4,244
2934,148,-1,0,1,0,5,4,244
2974,149,1,0,-1,0,4,4,244
3014,150,1,0,-1,0,3,4,244
3055,151,0,0,0,0,3,4,244
3095,152,0,0,0,0,3,4,244
3140,153,0,0,0,0,3,4,248
3188,154,0,0,0,0,3,4,248
3233,155,0,0,0,0,3,4,244
3275,156,0,0,0,0,3,4,244
3315,157,0,0,0,0,3,4,248
3356,158,0,0,0,0,3,4,248
3397,159,0,0,0,0,3,4,248
3439,160,0,0,0,0,3,4,244
3486,161,0,0,0,0,3,4,244
3534,162,0,0,0,0,3,4,248
3577,163,0,0,0,0,3,4,248
3620,164,0,0,0,0,3,4,244
3667,165,0,0,0,0,3,4,248
3716,166,0,0,0,0,3,4,244
3756,167,0,0,0,0,3,4,248
3800,168,1,0,-1,0,2,4,244
3846,169,0,0,0,0,2,4,244
3898,170,0,0,0,0,2,4,244
3942,171,0,0,0,0,2,4,244
3988,172,0,0,0,0,2,4,244
4038,173,0,0,0,0,2,4,244
4081,174,-1,0,1,0,3,4,244
4130,175,0,0,0,0,3,4,244
4177,176,0,1,0,1,3,5,244
4217,177,0,0,0,0,3,5,244
4260,178,0,0,0,0,3,5,240
4303,179,-1,0,1,0,4,5,244
4350,180,0,1,0,1,4,6,244
4400,181,-1,0,1,0,5,6,244
4442,182,0,0,0,0,5,6,244
4485,183,0,0,0,0,5,6,244
4535,184,0,1,0,1,5,7,244
4576,185,-1,0,1,0,6,7,244
4616,186,-1,0,1,0,7,7,244
4656,187,-1,0,1,0,8,7,244
4696,188,-1,0,1,0,9,7,244
4736,189,0,0,0,0,9,7,244
4776,190,0,0,0,0,9,7,244
4816,191,0,0,0,0,9,7,248
4856,192,1,0,-1,0,8,7,248
4896,193,0,0,0,0,8,7,244
4936,194,-1,0,1,0,9,7,244
4976,195,0,0,0,0,9,7,248
5016,196,-2,-1,2,-1,11,6,244
5056,197,0,0,0,0,11,6,248
5096,198,-1,0,1,0,12,6,244
5141,199,0,0,0,0,12,6,248
5185,200,1,0,-1,0,11,6,244
5232,201,-1,0,1,0,12,6,248
5282,202,0,0,0,0,12,6,248
5326,203,1,0,-1,0,11,6,248
5372,204,0,0,0,0,11,6,248
5422,205,-1,0,1,0,12,6,244
5465,206,-1,0,1,0,13,6,244
5512,207,-1,0,1,0,14,6,248
5562,208,-1,0,1,0,15,6,248
5604,209,-2,0,2,0,17,6,248
5653,210,-1,0,1,0,18,6,248
5700,211,0,0,0,0,18,6,248
5741,212,-1,0,1,0,19,6,248
5782,213,-1,0,1,0,20,6,248
5824,214,-1,0,1,0,21,6,248
5868,215,0,0,0,0,21,6,248
5915,216,0,0,0,0,21,6,248
5962,217,0,0,0,0,21,6,248
6003,218,-1,0,1,0,22,6,248
6050,219,0,0,0,0,22,6,248
6103,220,0,0,0,0,22,6,248
6147,221,0,0,0,0,22,6,248
6196,222,1,0,-1,0,21,6,248
6238,223,1,0,-1,0,20,6,248
6278,224,1,0,-1,0,19,6,248
6318,225,1,0,-1,0,18,6,248
6358,226,0,0,0,0,18,6,248
6398,227,0,0,0,0,18,6,248
6438,228,1,0,-1,0,17,6,248
6478,229,0,0,0,0,17,6,248
6518,230,0,0,0,0,17,6,248
6558,231,-1,-1,1,-1,18,5,244
6598,232,1,0,-1,0,17,5,244
6643,233,1,0,-1,0,16,5,248
6687,234,0,-1,0,-1,16,4,248
6734,235,1,-1,-1,-1,15,3,248
6782,236,0,0,0,0,15,3,248
6823,237,1,0,-1,0,14,3,248
6863,238,0,0,0,0,14,3,248
6907,239,-1,0,1,0,15,3,244
6953,240,0,0,0,0,15,3,244
7005,241,0,0,0,0,15,3,244
7055,242,0,-1,0,-1,15,2,244
7103,243,0,0,0,0,15,2,248
7147,244,1,-1,-1,-1,14,1,248
7190,245,0,-1,0,-1,14,0,244
7238,246,1,0,-1,0,13,0,244
7284,247,-1,0,1,0,14,0,248
7324,248,0,0,0,0,14,0,248
7365,249,0,0,0,0,14,0,244
7409,250,-1,-1,1,-1,15,-1,244
7456,251,0,0,0,0,15,-1,244
7503,252,0,0,0,0,15,-1,244
7546,253,0,0,0,0,15,-1,248
7591,254,0,0,0,0,15,-1,248
7638,255,-1,0,1,0,16,-1,248
7683,256,-1,0,1,0,17,-1,248
7723,257,0,0,0,0,17,-1,248
7763,258,0,0,0,0,17,-1,244
7803,259,-1,0,1,0,18,-1,244
7843,260,0,0,0,0,18,-1,244
7883,261,0,0,0,0,18,-1,248
7923,262,0,0,0,0,18,-1,248
7963,263,0,0,0,0,18,-1,244
8003,264,0,0,0,0,18,-1,244
8046,265,0,0,0,0,18,-1,244
8090,266,0,0,0,0,18,-1,244
8137,267,0,0,0,0,18,-1,244
8186,268,1,0,-1,0,17,-1,248
8230,269,-1,0,1,0,18,-1,244
8272,270,0,0,0,0,18,-1,244
8321,271,0,0,0,0,18,-1,244
8364,272,1,0,-1,0,17,-1,248
8404,273,-1,0,1,0,18,-1,244
8444,274,0,0,0,0,18,-1,244
8484,275,1,0,-1,0,17,-1,248
8524,276,0,0,0,0,17,-1,244
8564,277,0,0,0,0,17,-1,248
8604,278,1,0,-1,0,16,-1,248
8644,279,0,0,0,0,16,-1,244
8684,280,0,0,0,0,16,-1,244
8724,281,1,0,-1,0,15,-1,248
8764,282,0,0,0,0,15,-1,244
8804,283,0,1,0,1,15,0,244
8844,284,0,0,0,0,15,0,248
8884,285,-1,0,1,0,16,0,248
8924,286,1,0,-1,0,15,0,248
8964,287,0,0,0,0,15,0,248
9004,288,0,0,0,0,15,0,244
9049,289,1,0,-1,0,14,0,248
9092,290,0,0,0,0,14,0,248
9141,291,1,0,-1,0,13,0,248
9182,292,1,0,-1,0,12,0,244
9227,293,0,0,0,0,12,0,244
9269,294,-1,0,1,0,13,0,244
9312,295,0,0,0,0,13,0,244
9360,296,0,0,0,0,13,0,240
9405,297,0,0,0,0,13,0,244
9445,298,0,0,0,0,13,0,248
9485,299,0,0,0,0,13,0,244
9541,300,0,0,0,0,13,0,240
9561,301,-1,0,1,0,14,0,244
9606,302,0,0,0,0,14,0,248
9647,303,0,0,0,0,14,0,244
9688,304,0,0,0,0,14,0,244
9732,305,0,0,0,0,14,0,244
9778,306,0,0,0,0,14,0,248
9830,307,0,0,0,0,14,0,248
9874,308,0,0,0,0,14,0,248
9921,309,0,0,0,0,14,0,244
9969,310,0,0,0,0,14,0,244
10010,311,1,1,-1,1,13,1,244
10054,312,0,0,0,0,13,1,244
10103,313,-1,1,1,1,14,2,244
10144,314,0,0,0,0,14,2,244
10189,315,-1,0,1,0,15,2,244
10229,316,0,0,0,0,15,2,244
10271,317,0,0,0,0,15,2,244
10314,318,0,0,0,0,15,2,244
10361,319,0,0,0,0,15,2,244
10409,320,-1,0,1,0,16,2,244
10449,321,1,0,-1,0,15,2,244
10493,322,0,0,0,0,15,2,248
10540,323,0,0,0,0,15,2,244
10589,324,1,0,-1,0,14,2,244
10632,325,0,0,0,0,14,2,244
10674,326,1,0,-1,0,13,2,244
10723,327,0,0,0,0,13,2,248
10766,328,-1,0,1,0,14,2,244
10806,329,-2,0,2,0,16,2,244
10846,330,-1,0,1,0,17,2,244
10886,331,-1,0,1,0,18,2,244
10926,332,0,0,0,0,18,2,248
10966,333,-1,0,1,0,19,2,244
11006,334,-1,0,1,0,20,2,244
11052,335,-1,1,1,1,21,3,244
11095,336,0,0,0,0,21,3,248
11144,337,0,0,0,0,21,3,248
11184,338,0,0,0,0,21,3,248
11228,339,-2,0,2,0,23,3,248
11268,340,1,0,-1,0,22,3,248
11308,341,0,0,0,0,22,3,248
11348,342,-1,0,1,0,23,3,248
11388,343,-1,0,1,0,24,3,248
11428,344,-1,1,1,1,25,4,248
11468,345,0,0,0,0,25,4,248
11508,346,-1,0,1,0,26,4,248
11553,347,0,0,0,0,26,4,248
11595,348,0,0,0,0,26,4,248
11644,349,0,1,0,1,26,5,248
11689,350,0,0,0,0,26,5,248
11729,351,-1,0,1,0,27,5,248
11769,352,-1,0,1,0,28,5,248
11809,353,0,0,0,0,28,5,248
11849,354,-1,0,1,0,29,5,248
11889,355,0,0,0,0,29,5,248
11929,356,-1,0,1,0,30,5,248
11969,357,-1,0,1,0,31,5,248
12009,358,0,0,0,0,31,5,248
12055,359,0,0,0,0,31,5,248
12101,360,0,0,0,0,31,5,248
12150,361,0,0,0,0,31,5,248
12190,362,0,0,0,0,31,5,248
12231,363,0,0,0,0,31,5,248
12276,364,1,0,-1,0,30,5,248
12321,365,1,0,-1,0,29,5,248
12374,366,0,0,0,0,29,5,248
12417,367,0,-1,0,-1,29,4,248
12465,368,0,0,0,0,29,4,248
12510,369,1,0,-1,0,28,4,248
12553,370,0,0,0,0,28,4,248
12597,371,0,0,0,0,28,4,248
12647,372,1,0,-1,0,27,4,244
12688,373,1,0,-1,0,26,4,248
12728,374,0,-1,0,-1,26,3,248
12768,375,1,0,-1,0,25,3,248
12808,376,0,-1,0,-1,25,2,244
12848,377,0,0,0,0,25,2,248
12888,378,1,0,-1,0,24,2,248
12928,379,-1,0,1,0,25,2,244
12968,380,0,0,0,0,25,2,244
13008,381,0,0,0,0,25,2,244
13054,382,0,0,0,0,25,2,244
13097,383,0,0,0,0,25,2,248
13147,384,0,0,0,0,25,2,248
13187,385,0,0,0,0,25,2,248
13232,386,0,0,0,0,25,2,244
13272,387,0,0,0,0,25,2,244
13314,388,0,0,0,0,25,2,248
13356,389,0,-1,0,-1,25,1,244
13403,390,0,0,0,0,25,1,248
13456,391,0,0,0,0,25,1,244
13498,392,0,0,0,0,25,1,244
13547,393,0,0,0,0,25,1,248
13590,394,-1,0,1,0,26,1,244
13634,395,0,0,0,0,26,1,248
13674,396,0,0,0,0,26,1,244
13714,397,0,0,0,0,26,1,248
13756,398,1,0,-1,0,25,1,248
13798,399,0,0,0,0,25,1,248
13844,400,-1,0,1,0,26,1,248
13893,401,0,0,0,0,26,1,248
13933,402,1,0,-1,0,25,1,248
13973,403,0,0,0,0,25,1,248
14013,404,0,0,0,0,25,1,248
14053,405,0,0,0,0,25,1,248
14093,406,0,0,0,0,25,1,244
14136,407,0,0,0,0,25,1,248
14180,408,0,0,0,0,25,1,244
14226,409,0,0,0,0,25,1,248
14279,410,0,0,0,0,25,1,248
14322,411,0,0,0,0,25,1,248
14369,412,0,0,0,0,25,1,244
14416,413,0,0,0,0,25,1,244
14456,414,0,0,0,0,25,1,248
14497,415,0,0,0,0,25,1,244
14537,416,-1,0,1,0,26,1,248
14579,417,0,0,0,0,26,1,248
14622,418,0,0,0,0,26,1,244
14669,419,2,0,-2,0,24,1,244
14717,420,0,0,0,0,24,1,244
14757,421,1,0,-1,0,23,1,244
14801,422,0,-1,0,-1,23,0,248
14847,423,1,0,-1,0,22,0,248
14899,424,0,0,0,0,22,0,248
14943,425,0,0,0,0,22,0,248
14990,426,0,0,0,0,22,0,244
15039,427,0,0,0,0,22,0,244
15082,428,0,0,0,0,22,0,244
15132,429,0,0,0,0,22,0,244
15176,430,1,0,-1,0,21,0,244
15216,431,1,0,-1,0,20,0,244
15256,432,1,0,-1,0,19,0,244
15297,433,1,0,-1,0,18,0,244
15338,434,0,0,0,0,18,0,248
15378,435,0,0,0,0,18,0,244
15420,436,0,0,0,0,18,0,244
15465,437,0,0,0,0,18,0,244
15518,438,-1,0,1,0,19,0,244
15560,439,0,0,0,0,19,0,244
15604,440,1,0,-1,0,18,0,244
15651,441,0,0,0,0,18,0,248
15700,442,0,0,0,0,18,0,248
15740,443,0,0,0,0,18,0,244
15785,444,0,0,0,0,18,0,248
15831,445,0,0,0,0,18,0,244
15880,446,0,0,0,0,18,0,248
15924,447,0,0,0,0,18,0,248
15966,448,0,0,0,0,18,0,248
16014,449,0,0,0,0,18,0,244
16062,450,0,0,0,0,18,0,248
16105,451,0,0,0,0,18,0,244
16152,452,0,1,0,1,18,1,244
16203,453,0,0,0,0,18,1,244
16247,454,0,0,0,0,18,1,244
16294,455,1,0,-1,0,17,1,244
16343,456,0,0,0,0,17,1,248
16384,457,-1,0,1,0,18,1,244
16424,458,0,0,0,0,18,1,244
16468,459,0,0,0,0,18,1,244
16510,460,0,0,0,0,18,1,244
16579,461,0,0,0,0,18,1,248
16599,462,0,0,0,0,18,1,244
16647,463,0,0,0,0,18,1,248
16691,464,-1,0,1,0,19,1,244
16736,465,0,0,0,0,19,1,248
16789,466,0,0,0,0,19,1,244
16831,467,-1,0,1,0,20,1,244
16878,468,0,0,0,0,20,1,244
16928,469,0,1,0,1,20,2,240
16970,470,0,0,0,0,20,2,244
17014,471,-1,0,1,0,21,2,244
17065,472,0,0,0,0,21,2,244
17105,473,0,0,0,0,21,2,244
17145,474,0,0,0,0,21,2,248
17185,475,1,0,-1,0,20,2,244
17225,476,0,0,0,0,20,2,244
17265,477,0,0,0,0,20,2,248
17322,478,0,0,0,0,20,2,244
17342,479,0,0,0,0,20,2,248
17382,480,0,0,0,0,20,2,248
17427,481,0,0,0,0,20,2,244
17467,482,0,0,0,0,20,2,244
17511,483,0,0,0,0,20,2,248
17560,484,0,0,0,0,20,2,244
17607,485,0,0,0,0,20,2,244
17648,486,-1,0,1,0,21,2,248
17688,487,0,0,0,0,21,2,244
17733,488,-1,0,1,0,22,2,248
17779,489,0,0,0,0,22,2,248
17828,490,-1,0,1,0,23,2,248
17872,491,1,0,-1,0,22,2,244
17914,492,-1,0,1,0,23,2,244
17962,493,-1,0,1,0,24,2,248
18010,494,0,0,0,0,24,2,248
18054,495,0,0,0,0,24,2,248
18103,496,0,0,0,0,24,2,244
18144,497,0,0,0,0,24,2,248
18189,498,0,0,0,0,24,2,244
18229,499,0,0,0,0,24,2,248
18271,500,1,0,-1,0,23,2,248
18311,501,-1,0,1,0,24,2,248
18354,502,0,1,0,1,24,3,244
18402,503,0,0,0,0,24,3,244
18447,504,-1,0,1,0,25,3,248
18489,505,0,0,0,0,25,3,248
18532,506,0,1,0,1,25,4,244
18575,507,-1,0,1,0,26,4,248
18623,508,-1,0,1,0,27,4,244
18668,509,0,0,0,0,27,4,248
18710,510,-1,0,1,0,28,4,248
18750,511,-1,0,1,0,29,4,248
18792,512,0,0,0,0,29,4,248
18833,513,0,0,0,0,29,4,248
18876,514,0,0,0,0,29,4,248
18925,515,0,0,0,0,29,4,248
18965,516,1,0,-1,0,28,4,248
19011,517,1,0,-1,0,27,4,244
19055,518,1,0,-1,0,26,4,248
19102,519,1,0,-1,0,25,4,244
19152,520,0,0,0,0,25,4,248
19194,521,0,0,0,0,25,4,248
19238,522,0,0,0,0,25,4,244
19286,523,0,0,0,0,25,4,248
19332,524,0,0,0,0,25,4,248
19373,525,0,0,0,0,25,4,244
19415,526,0,0,0,0,25,4,244
19460,527,0,0,0,0,25,4,248
19511,528,0,0,0,0,25,4,248
19556,529,0,0,0,0,25,4,248
19599,530,0,0,0,0,25,4,248
19648,531,0,0,0,0,25,4,248
19694,532,1,0,-1,0,24,4,248
19734,533,0,0,0,0,24,4,248
19776,534,-1,0,1,0,25,4,248
19819,535,0,0,0,0,25,4,248
19866,536,1,0,-1,0,24,4,248
19916,537,0,0,0,0,24,4,248
19958,538,0,0,0,0,24,4,248
